pid,name,managerId,state,age,birth,salary
1,Mary1,1,WI,24,1995,46436
2,Mary2,1,MI,38,1981,68949
3,Mary3,1,VT,28,1991,25529
4,Mary4,1,MD,38,1981,77397
5,Mary5,1,AZ,32,1987,67701
6,Mary6,1,CA,43,1976,20058
7,Mary7,1,NC,41,1978,90348
8,Mary8,1,IN,45,1974,4574
9,Mary9,1,SD,26,1993,83253
10,Mary10,1,OR,60,1959,78477
11,Mary11,1,TN,36,1983,37491
12,Mary12,1,TN,52,1967,10910
13,Mary13,1,NY,38,1981,42733
14,Mary14,1,IL,23,1996,31579
15,Mary15,1,NY,32,1987,20438
16,Mary16,1,NJ,55,1964,18709
17,Mary17,1,FL,37,1982,67513
18,Mary18,1,CA,24,1995,27125
19,Mary19,1,SD,57,1962,59206
20,Mary20,1,NC,23,1996,29465
21,Mary21,1,DE,19,2000,17680
22,Mary22,1,MI,66,1953,60377
23,Mary23,1,IL,59,1960,98202
24,Mary24,1,ND,38,1981,70091
25,Mary25,1,AZ,25,1994,30347
26,Mary26,1,HI,40,1979,90644
27,Mary27,1,HI,62,1957,66782
28,Mary28,1,DE,53,1966,7162
29,Mary29,1,SD,32,1987,826
30,Mary30,1,NY,43,1976,55669
31,Mary31,1,CA,19,2000,2979
32,Mary32,1,NH,62,1957,73645
33,Mary33,1,GA,54,1965,64407
34,Mary34,1,RI,52,1967,59305
35,Mary35,1,HI,33,1986,94862
36,Mary36,1,SC,35,1984,76006
37,Mary37,1,AK,49,1970,94975
38,Mary38,1,VA,34,1985,102
39,Mary39,1,NC,65,1954,10245
40,Mary40,1,ME,34,1985,64571
41,Mary41,1,UT,45,1974,51888
42,Mary42,1,MT,54,1965,77317
43,Mary43,1,NY,58,1961,54768
44,Mary44,1,GA,23,1996,69478
45,Mary45,1,DE,63,1956,53857
46,Mary46,1,HI,32,1987,29576
47,Mary47,1,TN,60,1959,79178
48,Mary48,1,OK,35,1984,68530
49,Mary49,1,NV,44,1975,24632
50,Mary50,1,ID,57,1962,9489
51,Mary51,1,MS,19,2000,22257
52,Mary52,1,SD,55,1964,34460
53,Mary53,1,KY,49,1970,19869
54,Mary54,1,VT,40,1979,44606
55,Mary55,1,KY,63,1956,33896
56,Mary56,1,NV,32,1987,61468
57,Mary57,1,AK,44,1975,19322
58,Mary58,1,MD,27,1992,99627
59,Mary59,1,TN,20,1999,91529
60,Mary60,1,MS,20,1999,3854
61,Mary61,1,NV,25,1994,84981
62,Mary62,1,AK,64,1955,57121
63,Mary63,1,WY,53,1966,62851
64,Mary64,1,IL,61,1958,72722
65,Mary65,1,KY,58,1961,25861
66,Mary66,1,WA,48,1971,51082
67,Mary67,1,GA,36,1983,55637
68,Mary68,1,ND,44,1975,29848
69,Mary69,1,MI,52,1967,63495
70,Mary70,1,SC,47,1972,68370
71,Mary71,1,HI,26,1993,99572
72,Mary72,1,NM,34,1985,16240
73,Mary73,1,MT,59,1960,90708
74,Mary74,1,OR,42,1977,70122
75,Mary75,1,NH,22,1997,74229
76,Mary76,1,IL,53,1966,67358
77,Mary77,1,TX,36,1983,44954
78,Mary78,1,OH,63,1956,47072
79,Mary79,1,OH,19,2000,35404
80,Mary80,1,IL,22,1997,73182
81,Mary81,1,ID,25,1994,71935
82,Mary82,1,LA,21,1998,57036
83,Mary83,1,VA,42,1977,38442
84,Mary84,1,AK,39,1980,34917
85,Mary85,1,IL,63,1956,32257
86,Mary86,1,FL,18,2001,35147
87,Mary87,1,WA,51,1968,48251
88,Mary88,1,OK,61,1958,43486
89,Mary89,1,IL,47,1972,64345
90,Mary90,1,TX,34,1985,69224
91,Mary91,1,CA,36,1983,76016
92,Mary92,1,NJ,55,1964,80051
93,Mary93,1,UT,33,1986,64588
94,Mary94,1,LA,64,1955,24881
95,Mary95,1,ME,24,1995,13959
96,Mary96,1,WA,21,1998,82089
97,Mary97,1,CT,49,1970,48838
98,Mary98,1,UT,43,1976,79392
99,Mary99,1,ID,65,1954,84135
100,Mary100,1,VT,43,1976,89852
101,Mary101,75,MD,18,2001,62662
102,Mary102,42,AK,54,1965,81609
103,Mary103,54,MS,45,1974,1103
104,Mary104,34,GA,25,1994,95010
105,Mary105,7,DE,59,1960,35993
106,Mary106,86,SC,37,1982,25592
107,Mary107,70,HI,47,1972,57048
108,Mary108,25,DE,36,1983,38331
109,Mary109,27,MS,31,1988,40335
110,Mary110,67,NM,61,1958,19557
111,Mary111,46,LA,28,1991,72249
112,Mary112,84,NJ,54,1965,22488
113,Mary113,59,UT,58,1961,66224
114,Mary114,5,NJ,56,1963,42185
115,Mary115,77,KY,24,1995,21999
116,Mary116,28,MA,38,1981,37372
117,Mary117,89,GA,51,1968,98702
118,Mary118,24,WI,44,1975,6290
119,Mary119,27,WY,35,1984,45133
120,Mary120,26,ID,43,1976,4846
121,Mary121,6,OR,50,1969,67992
122,Mary122,14,NJ,43,1976,76902
123,Mary123,86,NE,61,1958,96105
124,Mary124,21,MD,53,1966,6239
125,Mary125,29,IL,50,1969,2627
126,Mary126,81,OH,31,1988,61242
127,Mary127,27,DE,27,1992,70272
128,Mary128,58,MI,43,1976,34470
129,Mary129,39,NH,59,1960,4832
130,Mary130,2,MS,43,1976,45155
131,Mary131,46,PA,39,1980,18732
132,Mary132,26,CT,38,1981,28606
133,Mary133,16,RI,58,1961,3039
134,Mary134,53,IL,58,1961,75286
135,Mary135,27,MN,35,1984,72559
136,Mary136,38,LA,24,1995,66079
137,Mary137,77,DE,33,1986,65411
138,Mary138,79,SD,22,1997,77894
139,Mary139,96,TX,56,1963,18167
140,Mary140,12,SD,48,1971,17336
141,Mary141,7,SC,47,1972,41389
142,Mary142,69,CT,31,1988,90100
143,Mary143,4,CA,52,1967,1280
144,Mary144,50,TX,29,1990,75573
145,Mary145,31,VT,49,1970,42305
146,Mary146,78,MA,18,2001,53469
147,Mary147,39,TX,22,1997,88814
148,Mary148,46,MT,37,1982,13594
149,Mary149,27,CO,30,1989,51829
150,Mary150,54,MS,35,1984,59689
151,Mary151,93,NM,28,1991,79972
152,Mary152,52,AZ,61,1958,11238
153,Mary153,80,NJ,43,1976,13063
154,Mary154,20,NJ,42,1977,9955
155,Mary155,87,NC,49,1970,69025
156,Mary156,45,SD,55,1964,95163
157,Mary157,17,WV,64,1955,13724
158,Mary158,17,NE,30,1989,88123
159,Mary159,26,UT,44,1975,45352
160,Mary160,19,OH,50,1969,9114
161,Mary161,81,ME,38,1981,95596
162,Mary162,23,RI,54,1965,62565
163,Mary163,29,AK,40,1979,70605
164,Mary164,84,OH,53,1966,27747
165,Mary165,23,NV,46,1973,10818
166,Mary166,69,NY,22,1997,22921
167,Mary167,32,MT,39,1980,33426
168,Mary168,38,AK,45,1974,14659
169,Mary169,58,CA,32,1987,73512
170,Mary170,47,MN,28,1991,11083
171,Mary171,14,CT,22,1997,74354
172,Mary172,71,UT,61,1958,12669
173,Mary173,73,MI,56,1963,78350
174,Mary174,38,WV,28,1991,33785
175,Mary175,21,NJ,33,1986,52680
176,Mary176,59,CO,45,1974,96415
177,Mary177,39,NH,60,1959,90162
178,Mary178,3,TX,44,1975,33927
179,Mary179,65,OR,53,1966,14652
180,Mary180,4,WI,42,1977,39499
181,Mary181,73,ME,18,2001,57480
182,Mary182,42,MT,54,1965,9225
183,Mary183,28,OK,31,1988,21896
184,Mary184,75,NY,20,1999,59857
185,Mary185,63,OR,56,1963,56060
186,Mary186,61,KY,47,1972,8232
187,Mary187,28,OH,45,1974,68080
188,Mary188,6,NM,47,1972,55259
189,Mary189,79,MI,58,1961,45279
190,Mary190,24,NC,32,1987,97483
191,Mary191,90,SC,61,1958,44927
192,Mary192,7,ND,47,1972,79306
193,Mary193,63,ND,48,1971,44976
194,Mary194,95,GA,18,2001,7576
195,Mary195,83,PA,37,1982,47545
196,Mary196,46,NJ,53,1966,20263
197,Mary197,95,ND,61,1958,74704
198,Mary198,31,MO,41,1978,66632
199,Mary199,26,CA,57,1962,28932
200,Mary200,41,TX,25,1994,13262
201,Mary201,59,RI,21,1998,77899
202,Mary202,3,AZ,61,1958,29685
203,Mary203,13,MT,38,1981,81580
204,Mary204,67,KS,33,1986,17284
205,Mary205,100,CT,56,1963,80508
206,Mary206,22,ME,54,1965,70111
207,Mary207,85,SC,20,1999,19400
208,Mary208,72,KY,59,1960,85416
209,Mary209,79,NV,31,1988,58452
210,Mary210,56,ID,31,1988,86676
211,Mary211,24,KY,41,1978,82036
212,Mary212,46,OK,26,1993,80816
213,Mary213,73,GA,21,1998,14801
214,Mary214,9,IN,27,1992,33517
215,Mary215,2,DE,42,1977,28677
216,Mary216,68,MS,35,1984,71697
217,Mary217,89,SD,49,1970,40770
218,Mary218,82,AK,18,2001,52727
219,Mary219,97,OR,49,1970,87314
220,Mary220,19,IN,47,1972,4107
221,Mary221,78,NM,42,1977,67270
222,Mary222,75,LA,45,1974,24737
223,Mary223,91,MS,28,1991,78243
224,Mary224,60,ME,55,1964,9048
225,Mary225,17,MS,51,1968,32032
226,Mary226,60,TN,31,1988,92131
227,Mary227,32,PA,20,1999,48426
228,Mary228,22,MA,20,1999,74732
229,Mary229,81,CT,38,1981,82219
230,Mary230,89,SC,66,1953,79587
231,Mary231,59,NV,62,1957,50149
232,Mary232,8,WA,60,1959,15063
233,Mary233,62,WV,30,1989,44062
234,Mary234,57,TN,39,1980,19682
235,Mary235,44,FL,63,1956,81477
236,Mary236,23,OK,33,1986,14064
237,Mary237,74,ME,56,1963,25474
238,Mary238,51,MI,59,1960,39499
239,Mary239,49,TN,46,1973,81935
240,Mary240,57,TX,19,2000,28536
241,Mary241,8,OR,26,1993,37368
242,Mary242,74,CO,36,1983,39499
243,Mary243,63,NM,42,1977,83766
244,Mary244,25,SC,22,1997,99085
245,Mary245,56,SD,25,1994,27987
246,Mary246,99,WA,31,1988,69056
247,Mary247,46,SD,34,1985,93004
248,Mary248,99,CT,65,1954,75005
249,Mary249,82,VT,45,1974,3761
250,Mary250,11,OH,32,1987,26475
251,Mary251,26,MI,52,1967,73897
252,Mary252,7,SC,54,1965,93703
253,Mary253,43,AL,66,1953,44688
254,Mary254,24,FL,41,1978,97539
255,Mary255,48,IN,57,1962,98502
256,Mary256,41,VA,38,1981,108
257,Mary257,47,AK,25,1994,46320
258,Mary258,14,TN,37,1982,72878
259,Mary259,55,AZ,62,1957,44459
260,Mary260,52,HI,21,1998,3282
261,Mary261,84,LA,44,1975,95075
262,Mary262,87,AL,66,1953,40304
263,Mary263,38,ID,58,1961,15566
264,Mary264,31,IA,40,1979,9444
265,Mary265,63,TX,60,1959,53538
266,Mary266,63,OH,43,1976,68379
267,Mary267,35,ME,64,1955,92738
268,Mary268,69,LA,24,1995,91316
269,Mary269,41,RI,50,1969,92714
270,Mary270,5,AL,36,1983,63610
271,Mary271,22,NC,47,1972,82706
272,Mary272,44,MI,65,1954,33010
273,Mary273,26,AZ,64,1955,39554
274,Mary274,76,MN,51,1968,50213
275,Mary275,89,MA,35,1984,76815
276,Mary276,89,RI,42,1977,42124
277,Mary277,59,MO,47,1972,41870
278,Mary278,83,PA,35,1984,62566
279,Mary279,14,UT,52,1967,48723
280,Mary280,73,FL,26,1993,55914
281,Mary281,38,LA,23,1996,18495
282,Mary282,82,NY,30,1989,71538
283,Mary283,51,AZ,63,1956,48453
284,Mary284,44,AZ,53,1966,17326
285,Mary285,53,AK,49,1970,66544
286,Mary286,73,MA,41,1978,57801
287,Mary287,71,OH,35,1984,87517
288,Mary288,72,DE,28,1991,15792
289,Mary289,86,AZ,54,1965,35481
290,Mary290,99,KY,48,1971,82753
291,Mary291,61,PA,38,1981,12279
292,Mary292,28,NM,63,1956,43470
293,Mary293,80,NY,45,1974,39921
294,Mary294,95,CA,51,1968,66548
295,Mary295,34,MA,60,1959,88046
296,Mary296,71,MS,40,1979,50209
297,Mary297,15,WY,27,1992,62954
298,Mary298,94,IL,50,1969,13439
299,Mary299,63,OK,62,1957,48968
300,Mary300,57,WY,34,1985,12664
301,Mary301,54,IN,27,1992,39978
302,Mary302,40,NE,21,1998,8395
303,Mary303,58,MD,27,1992,9061
304,Mary304,89,MD,53,1966,94015
305,Mary305,78,NC,45,1974,91870
306,Mary306,28,NY,66,1953,14367
307,Mary307,14,TN,62,1957,25836
308,Mary308,52,KY,46,1973,58615
309,Mary309,20,TN,19,2000,24484
310,Mary310,54,MN,20,1999,12755
311,Mary311,52,SC,20,1999,88215
312,Mary312,27,MA,35,1984,78078
313,Mary313,70,AK,59,1960,78346
314,Mary314,7,WV,37,1982,27389
315,Mary315,14,NV,36,1983,30030
316,Mary316,49,UT,23,1996,65211
317,Mary317,8,IL,48,1971,48531
318,Mary318,59,CT,43,1976,58837
319,Mary319,61,MS,49,1970,93817
320,Mary320,43,LA,23,1996,48637
321,Mary321,16,AZ,55,1964,91111
322,Mary322,33,IL,43,1976,21530
323,Mary323,86,AK,28,1991,81902
324,Mary324,79,NE,24,1995,56034
325,Mary325,57,WA,20,1999,23252
326,Mary326,78,NM,40,1979,58495
327,Mary327,36,AK,49,1970,21727
328,Mary328,19,NJ,22,1997,54461
329,Mary329,31,NJ,43,1976,65133
330,Mary330,64,NM,62,1957,57892
331,Mary331,43,RI,49,1970,48854
332,Mary332,35,NV,51,1968,84573
333,Mary333,26,OK,52,1967,60756
334,Mary334,57,GA,45,1974,46954
335,Mary335,43,WY,62,1957,87534
336,Mary336,77,MT,30,1989,25227
337,Mary337,96,PA,43,1976,28019
338,Mary338,26,OR,42,1977,39515
339,Mary339,84,NY,21,1998,5519
340,Mary340,66,NC,56,1963,52459
341,Mary341,98,CT,19,2000,29009
342,Mary342,71,NV,39,1980,79774
343,Mary343,11,AL,57,1962,22838
344,Mary344,85,OK,37,1982,41932
345,Mary345,63,CT,34,1985,44542
346,Mary346,3,AZ,65,1954,74019
347,Mary347,49,MD,26,1993,97186
348,Mary348,98,MS,27,1992,4130
349,Mary349,86,LA,29,1990,58093
350,Mary350,42,WY,61,1958,71732
351,Mary351,73,IA,36,1983,51188
352,Mary352,14,ID,50,1969,45351
353,Mary353,7,MO,44,1975,94518
354,Mary354,2,TN,29,1990,60700
355,Mary355,46,MS,62,1957,88913
356,Mary356,93,MI,29,1990,32442
357,Mary357,19,ID,59,1960,84503
358,Mary358,81,MI,34,1985,459
359,Mary359,11,TN,35,1984,63014
360,Mary360,57,UT,66,1953,48789
361,Mary361,57,TN,61,1958,26314
362,Mary362,87,CA,24,1995,24704
363,Mary363,57,OH,62,1957,83865
364,Mary364,7,MO,38,1981,93109
365,Mary365,50,TX,47,1972,61556
366,Mary366,8,UT,57,1962,15396
367,Mary367,90,VA,36,1983,70197
368,Mary368,25,WI,42,1977,13117
369,Mary369,38,AL,25,1994,73887
370,Mary370,50,MA,23,1996,58024
371,Mary371,45,OR,51,1968,97514
372,Mary372,21,NE,63,1956,78793
373,Mary373,14,AK,63,1956,9864
374,Mary374,13,IA,36,1983,68946
375,Mary375,54,VT,60,1959,44156
376,Mary376,97,VT,60,1959,34887
377,Mary377,68,DE,50,1969,1290
378,Mary378,84,WV,50,1969,5844
379,Mary379,32,IA,34,1985,2693
380,Mary380,20,OR,51,1968,88943
381,Mary381,36,RI,48,1971,33250
382,Mary382,19,CT,32,1987,49137
383,Mary383,95,MS,62,1957,45133
384,Mary384,74,LA,48,1971,81680
385,Mary385,42,MS,65,1954,32328
386,Mary386,86,AZ,37,1982,43869
387,Mary387,17,WY,53,1966,4521
388,Mary388,76,AL,33,1986,50019
389,Mary389,33,TX,33,1986,20495
390,Mary390,43,MO,63,1956,46198
391,Mary391,99,WA,29,1990,86290
392,Mary392,43,MS,31,1988,81226
393,Mary393,4,NV,54,1965,46241
394,Mary394,67,SC,41,1978,12490
395,Mary395,61,MA,42,1977,97702
396,Mary396,9,MD,65,1954,51319
397,Mary397,96,MN,31,1988,71231
398,Mary398,94,OK,47,1972,71106
399,Mary399,34,UT,33,1986,42560
400,Mary400,45,RI,50,1969,45674
401,Mary401,58,WY,52,1967,10419
402,Mary402,90,AZ,64,1955,10509
403,Mary403,31,ND,33,1986,84393
404,Mary404,28,WY,32,1987,23030
405,Mary405,32,HI,58,1961,3569
406,Mary406,68,NY,55,1964,17694
407,Mary407,88,CT,32,1987,86361
408,Mary408,12,MT,22,1997,44518
409,Mary409,96,IA,61,1958,44342
410,Mary410,94,TX,22,1997,89062
411,Mary411,74,NM,19,2000,96959
412,Mary412,49,LA,53,1966,8675
413,Mary413,6,MD,43,1976,47201
414,Mary414,44,DE,37,1982,29510
415,Mary415,72,MI,66,1953,17791
416,Mary416,75,CO,36,1983,28838
417,Mary417,35,MS,34,1985,52381
418,Mary418,50,NE,28,1991,50783
419,Mary419,36,NY,34,1985,21652
420,Mary420,46,HI,36,1983,19491
421,Mary421,21,GA,50,1969,38557
422,Mary422,35,AL,47,1972,32168
423,Mary423,75,UT,61,1958,93022
424,Mary424,71,NY,63,1956,99602
425,Mary425,6,IA,22,1997,95218
426,Mary426,23,MO,43,1976,13134
427,Mary427,35,LA,44,1975,21519
428,Mary428,89,OK,29,1990,40890
429,Mary429,30,ID,32,1987,41083
430,Mary430,36,MD,64,1955,8374
431,Mary431,61,WA,36,1983,55313
432,Mary432,87,TN,20,1999,18761
433,Mary433,38,MI,26,1993,19358
434,Mary434,2,MT,18,2001,10565
435,Mary435,36,AZ,49,1970,64517
436,Mary436,81,NC,58,1961,97357
437,Mary437,13,ND,63,1956,97327
438,Mary438,44,MO,55,1964,57478
439,Mary439,88,FL,45,1974,69272
440,Mary440,21,RI,60,1959,15981
441,Mary441,97,SC,41,1978,12808
442,Mary442,81,SD,56,1963,19366
443,Mary443,95,WA,46,1973,10557
444,Mary444,78,NY,28,1991,6409
445,Mary445,90,IA,34,1985,41026
446,Mary446,18,HI,31,1988,30578
447,Mary447,2,IA,37,1982,97856
448,Mary448,37,VA,41,1978,10202
449,Mary449,38,MD,32,1987,11997
450,Mary450,27,OH,54,1965,49846
451,Mary451,7,FL,31,1988,61410
452,Mary452,91,KS,60,1959,75322
453,Mary453,49,OK,42,1977,61022
454,Mary454,56,MA,50,1969,30931
455,Mary455,68,WI,28,1991,92462
456,Mary456,43,NE,64,1955,55792
457,Mary457,21,KY,49,1970,58339
458,Mary458,83,LA,53,1966,67294
459,Mary459,43,UT,55,1964,21991
460,Mary460,70,IL,49,1970,96643
461,Mary461,62,ID,49,1970,34149
462,Mary462,3,KS,19,2000,69879
463,Mary463,75,TN,47,1972,69350
464,Mary464,37,VA,59,1960,41203
465,Mary465,2,IA,65,1954,83186
466,Mary466,7,WA,37,1982,67870
467,Mary467,13,UT,51,1968,88758
468,Mary468,32,IA,39,1980,80926
469,Mary469,43,TX,31,1988,82184
470,Mary470,100,WI,31,1988,19561
471,Mary471,56,NY,20,1999,93199
472,Mary472,39,WA,65,1954,64715
473,Mary473,91,WV,63,1956,30072
474,Mary474,37,KS,61,1958,92768
475,Mary475,71,MA,35,1984,81026
476,Mary476,41,TN,58,1961,11227
477,Mary477,96,IL,42,1977,7949
478,Mary478,28,FL,22,1997,23541
479,Mary479,80,GA,38,1981,89029
480,Mary480,85,IA,46,1973,99493
481,Mary481,29,MT,46,1973,33792
482,Mary482,60,SD,65,1954,69754
483,Mary483,84,VT,46,1973,52352
484,Mary484,91,ND,39,1980,84210
485,Mary485,79,MO,19,2000,71874
486,Mary486,34,FL,29,1990,1076
487,Mary487,9,CT,60,1959,73959
488,Mary488,80,NM,38,1981,94918
489,Mary489,10,KY,41,1978,90774
490,Mary490,38,CO,66,1953,44222
491,Mary491,65,WA,55,1964,89494
492,Mary492,3,VT,66,1953,14352
493,Mary493,44,WY,66,1953,15176
494,Mary494,95,NC,44,1975,18835
495,Mary495,80,MO,57,1962,75056
496,Mary496,57,CT,21,1998,35869
497,Mary497,14,MO,65,1954,99808
498,Mary498,81,NE,56,1963,99429
499,Mary499,76,MS,20,1999,98614
500,Mary500,37,TX,62,1957,57112
501,Mary501,70,UT,48,1971,83281
502,Mary502,51,NE,45,1974,38296
503,Mary503,66,MS,66,1953,60829
504,Mary504,75,IN,38,1981,42403
505,Mary505,65,NC,24,1995,19841
506,Mary506,59,WY,19,2000,51504
507,Mary507,5,SC,41,1978,49820
508,Mary508,90,VA,33,1986,46145
509,Mary509,47,TX,47,1972,27729
510,Mary510,93,WA,36,1983,9071
511,Mary511,47,AZ,52,1967,18549
512,Mary512,2,ND,22,1997,79963
513,Mary513,47,OH,54,1965,22331
514,Mary514,12,NH,24,1995,91498
515,Mary515,59,SD,39,1980,90587
516,Mary516,75,IN,48,1971,85071
517,Mary517,84,ND,54,1965,32801
518,Mary518,5,MS,48,1971,63384
519,Mary519,81,RI,64,1955,70123
520,Mary520,53,NM,20,1999,17637
521,Mary521,43,NV,19,2000,39964
522,Mary522,40,IN,62,1957,32980
523,Mary523,69,AZ,38,1981,24251
524,Mary524,14,NE,40,1979,78724
525,Mary525,21,AK,48,1971,37129
526,Mary526,8,SD,18,2001,74870
527,Mary527,76,NM,46,1973,85092
528,Mary528,41,AK,62,1957,52694
529,Mary529,28,ME,59,1960,8145
530,Mary530,68,AK,33,1986,76321
531,Mary531,38,MA,28,1991,23998
532,Mary532,77,NH,29,1990,55865
533,Mary533,45,AZ,32,1987,52168
534,Mary534,76,WY,51,1968,97294
535,Mary535,16,OK,36,1983,11819
536,Mary536,15,KS,29,1990,3622
537,Mary537,36,MT,66,1953,60567
538,Mary538,31,NV,34,1985,26512
539,Mary539,83,RI,35,1984,36122
540,Mary540,18,NM,53,1966,61124
541,Mary541,91,IA,61,1958,66541
542,Mary542,67,ME,37,1982,21757
543,Mary543,62,KY,33,1986,10127
544,Mary544,100,NJ,43,1976,5544
545,Mary545,34,RI,52,1967,97849
546,Mary546,56,RI,25,1994,58762
547,Mary547,67,TX,42,1977,6225
548,Mary548,15,CA,40,1979,83514
549,Mary549,18,ME,39,1980,93105
550,Mary550,40,OK,52,1967,7631
551,Mary551,46,HI,43,1976,22586
552,Mary552,98,NV,47,1972,34504
553,Mary553,23,MS,57,1962,99886
554,Mary554,19,NC,53,1966,4381
555,Mary555,54,AK,38,1981,93104
556,Mary556,58,WY,23,1996,1604
557,Mary557,19,LA,42,1977,41955
558,Mary558,28,OH,38,1981,43156
559,Mary559,19,AZ,18,2001,60185
560,Mary560,62,MI,18,2001,49977
561,Mary561,92,NJ,53,1966,80167
562,Mary562,81,IN,61,1958,11866
563,Mary563,39,NJ,26,1993,26062
564,Mary564,43,SD,18,2001,5558
565,Mary565,5,PA,51,1968,289
566,Mary566,31,NH,61,1958,42737
567,Mary567,21,DE,61,1958,17248
568,Mary568,17,HI,20,1999,8059
569,Mary569,30,IL,22,1997,92892
570,Mary570,55,AZ,55,1964,54297
571,Mary571,10,CT,26,1993,11818
572,Mary572,30,MT,23,1996,40441
573,Mary573,5,IA,62,1957,40304
574,Mary574,50,MN,45,1974,4888
575,Mary575,87,KY,36,1983,84317
576,Mary576,63,MI,19,2000,83250
577,Mary577,42,GA,27,1992,16477
578,Mary578,55,GA,23,1996,9732
579,Mary579,91,IN,60,1959,19891
580,Mary580,19,HI,39,1980,39288
581,Mary581,76,IN,52,1967,33283
582,Mary582,85,FL,19,2000,3411
583,Mary583,54,CT,19,2000,682
584,Mary584,98,TX,20,1999,56810
585,Mary585,70,GA,66,1953,9785
586,Mary586,50,VA,34,1985,12825
587,Mary587,85,NJ,44,1975,23342
588,Mary588,67,GA,54,1965,96997
589,Mary589,47,MT,30,1989,62491
590,Mary590,8,WY,51,1968,75045
591,Mary591,54,IL,25,1994,62291
592,Mary592,33,NC,40,1979,68706
593,Mary593,67,IA,55,1964,78144
594,Mary594,12,MO,27,1992,94770
595,Mary595,28,CT,63,1956,79642
596,Mary596,7,NE,51,1968,8722
597,Mary597,25,MA,45,1974,18825
598,Mary598,97,AZ,66,1953,21203
599,Mary599,87,ID,65,1954,84180
600,Mary600,64,NV,21,1998,91254
601,Mary601,60,CA,39,1980,97413
602,Mary602,13,MN,18,2001,57829
603,Mary603,71,MA,59,1960,68336
604,Mary604,81,KS,39,1980,45452
605,Mary605,49,LA,62,1957,19256
606,Mary606,12,HI,47,1972,59919
607,Mary607,96,OK,36,1983,44840
608,Mary608,100,SD,19,2000,1011
609,Mary609,33,AK,36,1983,85451
610,Mary610,28,WY,31,1988,15718
611,Mary611,81,IN,53,1966,20722
612,Mary612,21,MO,33,1986,82864
613,Mary613,31,OK,27,1992,68736
614,Mary614,35,ND,26,1993,81679
615,Mary615,32,MA,26,1993,51403
616,Mary616,67,UT,49,1970,90683
617,Mary617,32,SC,52,1967,71015
618,Mary618,77,AL,59,1960,9048
619,Mary619,84,ND,51,1968,50045
620,Mary620,55,MN,40,1979,98687
621,Mary621,73,GA,41,1978,1460
622,Mary622,49,MI,50,1969,22315
623,Mary623,25,RI,51,1968,21288
624,Mary624,32,KY,66,1953,30202
625,Mary625,75,WV,32,1987,57688
626,Mary626,19,WA,36,1983,63230
627,Mary627,52,OR,27,1992,80903
628,Mary628,14,SD,48,1971,95481
629,Mary629,71,ID,37,1982,92375
630,Mary630,98,NC,36,1983,6617
631,Mary631,94,AZ,53,1966,71463
632,Mary632,73,MA,55,1964,36149
633,Mary633,44,TN,49,1970,98944
634,Mary634,42,WI,42,1977,69291
635,Mary635,31,IN,58,1961,46482
636,Mary636,22,OH,39,1980,56731
637,Mary637,32,IN,49,1970,72452
638,Mary638,43,NY,23,1996,45099
639,Mary639,40,OR,50,1969,10723
640,Mary640,51,FL,65,1954,96346
641,Mary641,4,AZ,61,1958,74282
642,Mary642,2,TN,66,1953,14450
643,Mary643,53,GA,20,1999,12949
644,Mary644,78,DE,39,1980,71894
645,Mary645,93,CA,65,1954,97711
646,Mary646,34,TN,37,1982,25625
647,Mary647,91,NC,61,1958,72691
648,Mary648,96,MN,58,1961,73869
649,Mary649,46,NM,43,1976,97223
650,Mary650,37,OH,29,1990,42453
651,Mary651,90,WI,33,1986,87535
652,Mary652,61,MD,57,1962,59607
653,Mary653,87,GA,56,1963,98403
654,Mary654,26,IL,60,1959,79931
655,Mary655,48,NC,35,1984,84580
656,Mary656,69,NC,54,1965,20704
657,Mary657,54,TN,31,1988,34044
658,Mary658,49,MA,58,1961,37364
659,Mary659,100,MD,33,1986,13990
660,Mary660,61,MO,56,1963,64986
661,Mary661,16,VA,27,1992,37537
662,Mary662,4,WY,27,1992,2547
663,Mary663,40,RI,65,1954,16761
664,Mary664,47,GA,38,1981,97151
665,Mary665,45,TX,38,1981,34937
666,Mary666,47,WY,29,1990,31524
667,Mary667,71,MD,37,1982,62380
668,Mary668,100,CA,30,1989,26605
669,Mary669,55,WA,61,1958,45634
670,Mary670,29,TN,26,1993,38329
671,Mary671,41,NY,26,1993,3367
672,Mary672,88,OR,27,1992,76231
673,Mary673,91,UT,47,1972,151
674,Mary674,68,MT,37,1982,51223
675,Mary675,67,MD,23,1996,29262
676,Mary676,90,IN,18,2001,34261
677,Mary677,8,WV,46,1973,72903
678,Mary678,68,SC,32,1987,30107
679,Mary679,59,IL,31,1988,84163
680,Mary680,41,WI,24,1995,36177
681,Mary681,88,OR,52,1967,47002
682,Mary682,72,MT,18,2001,1001
683,Mary683,30,NC,32,1987,13510
684,Mary684,63,HI,18,2001,13908
685,Mary685,32,AK,65,1954,12520
686,Mary686,58,RI,27,1992,47369
687,Mary687,91,CA,55,1964,75085
688,Mary688,47,PA,56,1963,79717
689,Mary689,66,MI,41,1978,44855
690,Mary690,87,MO,63,1956,5026
691,Mary691,76,VA,46,1973,20645
692,Mary692,23,NE,23,1996,75093
693,Mary693,37,NY,38,1981,94922
694,Mary694,93,OH,46,1973,4774
695,Mary695,51,KY,21,1998,30937
696,Mary696,55,RI,50,1969,57443
697,Mary697,68,SD,45,1974,74948
698,Mary698,51,SC,63,1956,80083
699,Mary699,7,ID,25,1994,44533
700,Mary700,25,LA,59,1960,35403
701,Mary701,95,FL,39,1980,23099
702,Mary702,26,WA,62,1957,83527
703,Mary703,75,VT,46,1973,9021
704,Mary704,65,VA,63,1956,85543
705,Mary705,95,FL,28,1991,80849
706,Mary706,71,CA,58,1961,6649
707,Mary707,8,AL,59,1960,43466
708,Mary708,91,IN,25,1994,2938
709,Mary709,66,CT,36,1983,80099
710,Mary710,25,SC,37,1982,43041
711,Mary711,79,UT,38,1981,62997
712,Mary712,45,MI,37,1982,33546
713,Mary713,51,MO,55,1964,82120
714,Mary714,47,MI,51,1968,24400
715,Mary715,3,PA,27,1992,72269
716,Mary716,95,MS,31,1988,53448
717,Mary717,42,MO,40,1979,15127
718,Mary718,74,OR,60,1959,94184
719,Mary719,75,WI,33,1986,48166
720,Mary720,12,UT,24,1995,74092
721,Mary721,44,WI,25,1994,4809
722,Mary722,92,SD,55,1964,36011
723,Mary723,22,UT,29,1990,11068
724,Mary724,55,MS,45,1974,22653
725,Mary725,63,ND,22,1997,47829
726,Mary726,72,PA,60,1959,59559
727,Mary727,80,NV,48,1971,84775
728,Mary728,77,GA,30,1989,80048
729,Mary729,19,WI,32,1987,7068
730,Mary730,39,IA,42,1977,46194
731,Mary731,24,IA,50,1969,55828
732,Mary732,96,AZ,56,1963,61498
733,Mary733,25,HI,46,1973,56850
734,Mary734,69,KS,38,1981,34078
735,Mary735,36,NH,31,1988,55555
736,Mary736,5,LA,18,2001,15204
737,Mary737,100,CO,63,1956,46621
738,Mary738,22,WA,53,1966,38190
739,Mary739,5,MO,20,1999,97408
740,Mary740,84,CT,65,1954,9230
741,Mary741,11,KY,57,1962,85943
742,Mary742,26,KS,34,1985,95274
743,Mary743,29,RI,28,1991,99144
744,Mary744,74,AZ,58,1961,78112
745,Mary745,43,MT,60,1959,54952
746,Mary746,89,VA,66,1953,43526
747,Mary747,70,CT,66,1953,70939
748,Mary748,32,MN,48,1971,78860
749,Mary749,48,ME,35,1984,18310
750,Mary750,77,NY,30,1989,76828
751,Mary751,41,MI,42,1977,44706
752,Mary752,56,TN,31,1988,79165
753,Mary753,23,CT,29,1990,35043
754,Mary754,14,OR,37,1982,56196
755,Mary755,80,IA,52,1967,34773
756,Mary756,30,RI,43,1976,25525
757,Mary757,94,IA,31,1988,63112
758,Mary758,6,OK,49,1970,82918
759,Mary759,91,LA,45,1974,26766
760,Mary760,89,OK,63,1956,16825
761,Mary761,81,FL,51,1968,66311
762,Mary762,95,MA,33,1986,71777
763,Mary763,12,UT,56,1963,5637
764,Mary764,4,VT,58,1961,91727
765,Mary765,31,SD,45,1974,9260
766,Mary766,63,LA,59,1960,52481
767,Mary767,60,ME,60,1959,23562
768,Mary768,3,CA,27,1992,44046
769,Mary769,96,WI,39,1980,35314
770,Mary770,38,OH,46,1973,15456
771,Mary771,65,CA,57,1962,64284
772,Mary772,9,MN,27,1992,95412
773,Mary773,77,TX,66,1953,84270
774,Mary774,24,AK,41,1978,92427
775,Mary775,52,AL,62,1957,21959
776,Mary776,78,NV,20,1999,24824
777,Mary777,96,LA,20,1999,82626
778,Mary778,25,PA,26,1993,54814
779,Mary779,40,OR,25,1994,74077
780,Mary780,69,WV,39,1980,98776
781,Mary781,8,VT,41,1978,32406
782,Mary782,11,WV,37,1982,46495
783,Mary783,88,MO,19,2000,23038
784,Mary784,84,KY,63,1956,39778
785,Mary785,25,HI,37,1982,10683
786,Mary786,60,ME,61,1958,94844
787,Mary787,74,MA,37,1982,10956
788,Mary788,68,WV,59,1960,7127
789,Mary789,38,SD,21,1998,66386
790,Mary790,57,ME,21,1998,65539
791,Mary791,85,MD,18,2001,21878
792,Mary792,6,TX,62,1957,83112
793,Mary793,57,ID,41,1978,65129
794,Mary794,71,NV,44,1975,54945
795,Mary795,99,CT,28,1991,44044
796,Mary796,37,IN,30,1989,14990
797,Mary797,43,CO,52,1967,32077
798,Mary798,34,MS,59,1960,23548
799,Mary799,100,MT,36,1983,18346
800,Mary800,93,MA,58,1961,80548
801,Mary801,15,NM,30,1989,66841
802,Mary802,52,IN,19,2000,60534
803,Mary803,61,OH,34,1985,52756
804,Mary804,15,FL,33,1986,59813
805,Mary805,53,WA,36,1983,49868
806,Mary806,65,TX,31,1988,76133
807,Mary807,16,AZ,45,1974,87590
808,Mary808,70,AK,65,1954,61207
809,Mary809,76,VT,20,1999,59829
810,Mary810,70,VT,24,1995,17881
811,Mary811,29,ND,62,1957,55836
812,Mary812,48,HI,63,1956,94763
813,Mary813,21,MN,50,1969,52292
814,Mary814,81,NV,54,1965,34875
815,Mary815,89,CA,59,1960,55248
816,Mary816,64,TN,30,1989,4472
817,Mary817,67,NC,60,1959,99957
818,Mary818,8,VA,53,1966,31763
819,Mary819,9,MS,44,1975,76281
820,Mary820,100,IA,32,1987,13371
821,Mary821,19,CO,31,1988,26353
822,Mary822,61,MI,51,1968,48087
823,Mary823,97,CO,41,1978,36976
824,Mary824,40,WI,41,1978,38830
825,Mary825,74,SD,26,1993,43885
826,Mary826,58,ME,53,1966,66085
827,Mary827,30,ME,41,1978,59710
828,Mary828,34,MA,31,1988,67410
829,Mary829,84,DE,30,1989,24826
830,Mary830,73,NV,59,1960,22320
831,Mary831,99,IL,45,1974,13756
832,Mary832,81,RI,33,1986,97226
833,Mary833,80,TN,51,1968,90731
834,Mary834,84,HI,46,1973,66484
835,Mary835,45,ID,49,1970,37576
836,Mary836,35,MT,32,1987,14852
837,Mary837,19,MT,50,1969,90549
838,Mary838,73,IL,55,1964,33598
839,Mary839,83,IA,64,1955,83526
840,Mary840,25,UT,59,1960,34083
841,Mary841,57,MO,31,1988,2698
842,Mary842,88,AK,60,1959,67390
843,Mary843,94,IN,47,1972,2132
844,Mary844,6,PA,53,1966,38507
845,Mary845,28,TX,62,1957,701
846,Mary846,64,ND,47,1972,85602
847,Mary847,97,CA,54,1965,73447
848,Mary848,7,PA,58,1961,39032
849,Mary849,30,OR,31,1988,74745
850,Mary850,68,CO,32,1987,83633
851,Mary851,77,NY,42,1977,17861
852,Mary852,46,MS,66,1953,88447
853,Mary853,87,NJ,52,1967,9303
854,Mary854,95,WI,21,1998,76898
855,Mary855,88,SD,39,1980,11207
856,Mary856,12,MT,20,1999,78754
857,Mary857,15,TX,27,1992,56861
858,Mary858,77,OR,52,1967,26556
859,Mary859,27,DE,51,1968,42725
860,Mary860,9,NY,31,1988,93784
861,Mary861,5,NV,38,1981,11297
862,Mary862,87,OR,35,1984,69607
863,Mary863,72,CO,54,1965,49170
864,Mary864,32,SC,52,1967,4348
865,Mary865,5,OK,66,1953,5986
866,Mary866,34,LA,54,1965,94155
867,Mary867,28,OH,50,1969,74179
868,Mary868,56,OH,63,1956,63061
869,Mary869,75,CT,28,1991,9259
870,Mary870,31,ID,29,1990,67764
871,Mary871,83,UT,32,1987,8606
872,Mary872,55,MA,59,1960,16232
873,Mary873,28,DE,32,1987,55449
874,Mary874,45,TX,63,1956,28678
875,Mary875,4,NV,35,1984,59872
876,Mary876,35,OR,30,1989,9767
877,Mary877,42,AZ,53,1966,3320
878,Mary878,71,LA,40,1979,77270
879,Mary879,89,MN,27,1992,31635
880,Mary880,44,KS,64,1955,21612
881,Mary881,53,VA,62,1957,17798
882,Mary882,33,CA,54,1965,50295
883,Mary883,5,NE,59,1960,99720
884,Mary884,23,IA,22,1997,53060
885,Mary885,44,CA,18,2001,43906
886,Mary886,43,NM,32,1987,14361
887,Mary887,53,OK,66,1953,62065
888,Mary888,8,SD,20,1999,93352
889,Mary889,64,NH,40,1979,45583
890,Mary890,3,NH,46,1973,63935
891,Mary891,90,IN,62,1957,61351
892,Mary892,20,HI,40,1979,17529
893,Mary893,29,MA,24,1995,1131
894,Mary894,58,MI,42,1977,44407
895,Mary895,16,AK,46,1973,8311
896,Mary896,74,WI,29,1990,53842
897,Mary897,17,MO,41,1978,42222
898,Mary898,67,ND,22,1997,14076
899,Mary899,19,MD,58,1961,42000
900,Mary900,93,MA,22,1997,55492
901,Mary901,44,KY,30,1989,14948
902,Mary902,72,AL,39,1980,71211
903,Mary903,60,TN,52,1967,90520
904,Mary904,7,OH,38,1981,97442
905,Mary905,77,AZ,31,1988,29494
906,Mary906,22,MO,27,1992,93274
907,Mary907,32,MS,41,1978,99798
908,Mary908,23,OK,41,1978,40945
909,Mary909,11,SD,34,1985,83946
910,Mary910,11,CO,55,1964,99348
911,Mary911,64,AZ,50,1969,65901
912,Mary912,68,NC,29,1990,41698
913,Mary913,54,NH,30,1989,92799
914,Mary914,100,MT,37,1982,41827
915,Mary915,94,MD,50,1969,14396
916,Mary916,68,ME,26,1993,6093
917,Mary917,45,WY,38,1981,63903
918,Mary918,92,LA,62,1957,45272
919,Mary919,30,WV,53,1966,76730
920,Mary920,9,WI,54,1965,31292
921,Mary921,28,AZ,44,1975,40010
922,Mary922,26,ID,20,1999,43978
923,Mary923,77,MD,54,1965,24801
924,Mary924,11,SD,61,1958,31100
925,Mary925,47,MI,26,1993,20879
926,Mary926,52,ID,64,1955,55130
927,Mary927,16,TX,53,1966,92625
928,Mary928,49,MD,65,1954,71265
929,Mary929,20,SC,20,1999,8571
930,Mary930,14,TN,39,1980,4552
931,Mary931,61,AL,62,1957,59821
932,Mary932,56,MT,54,1965,61436
933,Mary933,50,MA,41,1978,39810
934,Mary934,90,NE,19,2000,94429
935,Mary935,3,NY,25,1994,71694
936,Mary936,29,PA,30,1989,94402
937,Mary937,97,CT,65,1954,93487
938,Mary938,59,AZ,32,1987,41572
939,Mary939,78,IN,62,1957,83112
940,Mary940,5,FL,28,1991,73650
941,Mary941,2,NY,18,2001,60301
942,Mary942,2,KY,64,1955,25490
943,Mary943,98,MT,40,1979,81007
944,Mary944,45,VT,43,1976,33016
945,Mary945,12,AZ,61,1958,9471
946,Mary946,13,TN,19,2000,35645
947,Mary947,80,GA,29,1990,97459
948,Mary948,34,NM,18,2001,49975
949,Mary949,65,MI,57,1962,40462
950,Mary950,75,ND,24,1995,77359
951,Mary951,42,GA,50,1969,28409
952,Mary952,34,FL,49,1970,89890
953,Mary953,29,MN,40,1979,10785
954,Mary954,34,AZ,61,1958,72790
955,Mary955,35,AZ,41,1978,27827
956,Mary956,94,SC,57,1962,23428
957,Mary957,94,WY,52,1967,60947
958,Mary958,74,CT,63,1956,86106
959,Mary959,66,VT,63,1956,73623
960,Mary960,11,WA,18,2001,50724
961,Mary961,89,CO,65,1954,28587
962,Mary962,67,NV,40,1979,86185
963,Mary963,83,NC,42,1977,20113
964,Mary964,34,PA,53,1966,7474
965,Mary965,74,DE,23,1996,99407
966,Mary966,31,SD,22,1997,32053
967,Mary967,49,KY,35,1984,22431
968,Mary968,88,NC,66,1953,21837
969,Mary969,70,NY,55,1964,29999
970,Mary970,10,MS,41,1978,10188
971,Mary971,7,NH,25,1994,22302
972,Mary972,77,OR,39,1980,51608
973,Mary973,87,LA,42,1977,54752
974,Mary974,59,KS,51,1968,18448
975,Mary975,70,CO,18,2001,79171
976,Mary976,67,AZ,48,1971,46200
977,Mary977,4,WA,46,1973,7279
978,Mary978,35,UT,18,2001,93421
979,Mary979,79,IL,28,1991,73066
980,Mary980,59,AK,29,1990,32578
981,Mary981,2,IL,41,1978,5015
982,Mary982,22,CA,36,1983,73278
983,Mary983,22,MD,66,1953,26057
984,Mary984,98,WA,60,1959,7913
985,Mary985,43,UT,29,1990,25876
986,Mary986,4,CA,57,1962,37646
987,Mary987,37,WY,57,1962,54940
988,Mary988,99,KS,66,1953,5080
989,Mary989,85,AZ,19,2000,19940
990,Mary990,49,NV,54,1965,78287
991,Mary991,7,AL,18,2001,31369
992,Mary992,33,NV,29,1990,74704
993,Mary993,37,SC,28,1991,55128
994,Mary994,66,WA,64,1955,69474
995,Mary995,65,GA,59,1960,56702
996,Mary996,72,AZ,66,1953,42558
997,Mary997,69,ND,52,1967,79761
998,Mary998,2,CT,33,1986,6968
999,Mary999,73,NJ,47,1972,19995
1000,Mary1000,27,ID,20,1999,13293
1001,Mary1001,27,PA,66,1953,59161
1002,Mary1002,2,KS,29,1990,80769
1003,Mary1003,75,RI,31,1988,33981
1004,Mary1004,90,CT,20,1999,3331
1005,Mary1005,44,OH,30,1989,20665
1006,Mary1006,36,MO,63,1956,44472
1007,Mary1007,44,MT,26,1993,97680
1008,Mary1008,100,SC,54,1965,9735
1009,Mary1009,25,AL,52,1967,88636
1010,Mary1010,70,TX,64,1955,17559
1011,Mary1011,26,NM,30,1989,11251
1012,Mary1012,93,NH,63,1956,69772
1013,Mary1013,35,KY,57,1962,7076
1014,Mary1014,13,MS,22,1997,38378
1015,Mary1015,30,KY,23,1996,31595
1016,Mary1016,40,OK,64,1955,57602
1017,Mary1017,97,TX,22,1997,95303
1018,Mary1018,100,KY,41,1978,66220
1019,Mary1019,52,IL,53,1966,82157
1020,Mary1020,67,LA,23,1996,85235
1021,Mary1021,8,AZ,51,1968,5373
1022,Mary1022,29,TX,41,1978,57539
1023,Mary1023,17,CO,37,1982,99361
1024,Mary1024,72,MI,50,1969,69034
1025,Mary1025,24,NV,55,1964,14549
1026,Mary1026,95,AZ,37,1982,41926
1027,Mary1027,40,VA,54,1965,32641
1028,Mary1028,18,OR,54,1965,1205
1029,Mary1029,46,GA,22,1997,37653
1030,Mary1030,62,NV,59,1960,74707
1031,Mary1031,82,GA,61,1958,29341
1032,Mary1032,39,VA,19,2000,92393
1033,Mary1033,3,MD,47,1972,15315
1034,Mary1034,35,CA,50,1969,5377
1035,Mary1035,11,NC,29,1990,99402
1036,Mary1036,45,IA,21,1998,57899
1037,Mary1037,51,TN,21,1998,68918
1038,Mary1038,36,KY,25,1994,71300
1039,Mary1039,24,MD,27,1992,76492
1040,Mary1040,9,AZ,53,1966,80031
1041,Mary1041,13,MS,55,1964,44340
1042,Mary1042,37,MD,59,1960,70636
1043,Mary1043,3,HI,19,2000,78639
1044,Mary1044,87,OK,58,1961,32469
1045,Mary1045,46,IA,45,1974,10567
1046,Mary1046,80,NJ,27,1992,31040
1047,Mary1047,84,KY,45,1974,54280
1048,Mary1048,69,CA,52,1967,89352
1049,Mary1049,51,KY,18,2001,56453
1050,Mary1050,64,IL,45,1974,74497
1051,Mary1051,73,FL,46,1973,65158
1052,Mary1052,67,WY,48,1971,97790
1053,Mary1053,85,IN,29,1990,19068
1054,Mary1054,51,NJ,66,1953,32565
1055,Mary1055,49,NV,41,1978,43103
1056,Mary1056,52,NY,58,1961,96252
1057,Mary1057,46,AL,64,1955,19589
1058,Mary1058,88,MD,58,1961,30708
1059,Mary1059,41,GA,47,1972,2173
1060,Mary1060,11,WY,54,1965,59879
1061,Mary1061,74,FL,50,1969,39682
1062,Mary1062,17,NY,48,1971,55149
1063,Mary1063,100,IN,50,1969,27724
1064,Mary1064,67,NE,52,1967,61794
1065,Mary1065,5,NM,36,1983,3552
1066,Mary1066,50,AL,48,1971,15436
1067,Mary1067,78,MT,18,2001,67253
1068,Mary1068,14,MI,20,1999,62751
1069,Mary1069,22,IL,29,1990,59403
1070,Mary1070,7,FL,28,1991,38100
1071,Mary1071,78,NV,45,1974,34004
1072,Mary1072,25,MN,47,1972,7932
1073,Mary1073,43,FL,65,1954,4663
1074,Mary1074,5,CO,18,2001,79693
1075,Mary1075,66,SD,26,1993,33770
1076,Mary1076,78,VT,20,1999,31639
1077,Mary1077,85,NY,18,2001,91704
1078,Mary1078,47,VT,56,1963,56058
1079,Mary1079,63,AK,56,1963,65941
1080,Mary1080,63,MO,25,1994,4264
1081,Mary1081,38,WY,33,1986,35476
1082,Mary1082,15,OK,22,1997,18417
1083,Mary1083,26,NE,50,1969,72902
1084,Mary1084,30,CA,30,1989,72437
1085,Mary1085,58,MA,53,1966,11671
1086,Mary1086,96,WI,41,1978,28662
1087,Mary1087,87,NC,66,1953,93034
1088,Mary1088,12,LA,38,1981,56554
1089,Mary1089,82,SD,34,1985,19399
1090,Mary1090,14,SD,38,1981,66598
1091,Mary1091,69,TN,30,1989,48064
1092,Mary1092,17,AK,60,1959,76316
1093,Mary1093,76,WY,42,1977,13302
1094,Mary1094,36,WV,40,1979,35597
1095,Mary1095,31,IA,53,1966,20376
1096,Mary1096,85,MD,22,1997,62845
1097,Mary1097,85,OR,31,1988,37428
1098,Mary1098,6,UT,26,1993,80380
1099,Mary1099,89,TX,44,1975,32326
1100,Mary1100,2,MS,41,1978,6141
1101,Mary1101,70,AL,51,1968,12385
1102,Mary1102,72,VA,44,1975,89732
1103,Mary1103,53,TN,46,1973,10283
1104,Mary1104,24,PA,35,1984,40420
1105,Mary1105,50,MT,37,1982,51790
1106,Mary1106,6,DE,30,1989,90539
1107,Mary1107,53,NV,51,1968,98332
1108,Mary1108,71,OH,18,2001,83388
1109,Mary1109,30,LA,61,1958,34427
1110,Mary1110,31,MO,61,1958,92498
1111,Mary1111,10,GA,64,1955,76837
1112,Mary1112,40,UT,47,1972,41578
1113,Mary1113,86,AL,53,1966,80842
1114,Mary1114,54,IA,21,1998,46698
1115,Mary1115,51,ID,55,1964,19444
1116,Mary1116,27,GA,56,1963,56486
1117,Mary1117,49,DE,50,1969,72133
1118,Mary1118,19,AK,60,1959,70940
1119,Mary1119,60,FL,31,1988,11038
1120,Mary1120,13,MS,58,1961,25338
1121,Mary1121,4,VT,19,2000,65026
1122,Mary1122,76,CO,33,1986,26862
1123,Mary1123,96,WI,44,1975,12266
1124,Mary1124,29,MO,48,1971,57105
1125,Mary1125,43,MI,29,1990,92733
1126,Mary1126,44,DE,33,1986,28682
1127,Mary1127,20,VA,25,1994,46744
1128,Mary1128,9,ME,20,1999,62491
1129,Mary1129,74,WI,62,1957,33107
1130,Mary1130,11,ME,36,1983,52403
1131,Mary1131,81,LA,24,1995,20940
1132,Mary1132,36,MO,59,1960,52634
1133,Mary1133,98,KY,43,1976,38259
1134,Mary1134,61,SD,39,1980,74435
1135,Mary1135,39,NY,54,1965,36131
1136,Mary1136,25,WY,52,1967,53870
1137,Mary1137,72,VT,23,1996,8040
1138,Mary1138,77,NJ,18,2001,99798
1139,Mary1139,93,NJ,58,1961,43188
1140,Mary1140,12,KS,34,1985,33294
1141,Mary1141,68,SC,57,1962,47217
1142,Mary1142,58,MA,24,1995,11861
1143,Mary1143,79,AL,28,1991,89285
1144,Mary1144,61,WY,35,1984,46388
1145,Mary1145,43,LA,50,1969,84720
1146,Mary1146,25,VT,59,1960,90208
1147,Mary1147,85,TN,57,1962,22266
1148,Mary1148,27,AZ,66,1953,33619
1149,Mary1149,74,AL,58,1961,30100
1150,Mary1150,15,AZ,56,1963,17343
1151,Mary1151,88,CO,33,1986,55075
1152,Mary1152,70,DE,19,2000,95557
1153,Mary1153,9,IA,66,1953,86676
1154,Mary1154,25,AK,63,1956,52909
1155,Mary1155,87,NC,49,1970,47752
1156,Mary1156,13,MN,55,1964,52939
1157,Mary1157,5,SC,30,1989,7555
1158,Mary1158,62,KY,21,1998,90457
1159,Mary1159,34,NH,63,1956,28123
1160,Mary1160,19,DE,37,1982,59292
1161,Mary1161,39,ID,33,1986,1007
1162,Mary1162,44,WA,58,1961,70102
1163,Mary1163,62,WV,60,1959,25005
1164,Mary1164,78,MS,38,1981,87143
1165,Mary1165,74,WV,50,1969,76289
1166,Mary1166,32,VA,23,1996,19962
1167,Mary1167,93,ID,46,1973,28771
1168,Mary1168,86,MS,54,1965,20258
1169,Mary1169,89,NY,44,1975,67947
1170,Mary1170,15,OR,63,1956,50071
1171,Mary1171,79,SD,29,1990,7865
1172,Mary1172,45,AZ,47,1972,325
1173,Mary1173,95,IN,59,1960,42994
1174,Mary1174,79,ME,54,1965,67647
1175,Mary1175,9,VA,37,1982,81500
1176,Mary1176,24,MN,57,1962,17658
1177,Mary1177,44,LA,32,1987,9148
1178,Mary1178,35,WV,57,1962,9627
1179,Mary1179,20,UT,62,1957,4604
1180,Mary1180,81,NV,50,1969,31299
1181,Mary1181,79,HI,39,1980,4083
1182,Mary1182,58,WA,23,1996,78786
1183,Mary1183,71,HI,66,1953,31034
1184,Mary1184,43,PA,61,1958,91228
1185,Mary1185,62,IA,41,1978,34582
1186,Mary1186,8,CA,35,1984,74948
1187,Mary1187,33,OK,31,1988,28304
1188,Mary1188,98,UT,19,2000,93417
1189,Mary1189,93,ID,61,1958,35562
1190,Mary1190,36,MS,42,1977,14117
1191,Mary1191,26,CT,65,1954,77904
1192,Mary1192,70,SC,59,1960,1133
1193,Mary1193,74,MA,35,1984,81351
1194,Mary1194,56,CO,23,1996,3837
1195,Mary1195,82,IL,41,1978,35975
1196,Mary1196,73,NY,58,1961,77237
1197,Mary1197,75,WV,52,1967,67895
1198,Mary1198,77,MN,47,1972,7348
1199,Mary1199,79,KY,45,1974,98367
1200,Mary1200,34,AZ,46,1973,50049
1201,Mary1201,40,NJ,39,1980,90262
1202,Mary1202,97,GA,50,1969,59487
1203,Mary1203,20,NJ,46,1973,15015
1204,Mary1204,52,CA,28,1991,6199
1205,Mary1205,16,SC,35,1984,6251
1206,Mary1206,89,NY,21,1998,32632
1207,Mary1207,97,MO,33,1986,17480
1208,Mary1208,13,AZ,52,1967,51798
1209,Mary1209,80,CA,50,1969,54342
1210,Mary1210,2,RI,48,1971,57512
1211,Mary1211,13,FL,40,1979,45131
1212,Mary1212,19,AZ,47,1972,11199
1213,Mary1213,93,AL,59,1960,58520
1214,Mary1214,36,MN,49,1970,23025
1215,Mary1215,87,WV,65,1954,71846
1216,Mary1216,55,KS,66,1953,39786
1217,Mary1217,38,MA,31,1988,59943
1218,Mary1218,99,NY,56,1963,86934
1219,Mary1219,33,HI,28,1991,11869
1220,Mary1220,50,ME,40,1979,12868
1221,Mary1221,83,MA,27,1992,81857
1222,Mary1222,5,NY,60,1959,68347
1223,Mary1223,29,ND,38,1981,50598
1224,Mary1224,52,FL,29,1990,96630
1225,Mary1225,46,SD,40,1979,4343
1226,Mary1226,18,MT,48,1971,79946
1227,Mary1227,76,SD,33,1986,58257
1228,Mary1228,11,TX,65,1954,95832
1229,Mary1229,26,NV,21,1998,12419
1230,Mary1230,58,OR,43,1976,85092
1231,Mary1231,3,KY,66,1953,2798
1232,Mary1232,89,ID,22,1997,48829
1233,Mary1233,78,LA,53,1966,90192
1234,Mary1234,66,NY,30,1989,93608
1235,Mary1235,26,UT,36,1983,5650
1236,Mary1236,87,NC,31,1988,86936
1237,Mary1237,4,NV,58,1961,31819
1238,Mary1238,11,SD,64,1955,300
1239,Mary1239,82,NM,33,1986,46743
1240,Mary1240,75,MA,30,1989,23557
1241,Mary1241,42,MS,38,1981,1218
1242,Mary1242,10,TX,44,1975,96806
1243,Mary1243,24,FL,46,1973,24306
1244,Mary1244,98,WA,47,1972,55777
1245,Mary1245,52,AL,54,1965,84966
1246,Mary1246,10,VA,45,1974,30646
1247,Mary1247,65,NE,42,1977,97000
1248,Mary1248,16,SC,23,1996,27618
1249,Mary1249,9,CA,46,1973,41453
1250,Mary1250,72,TN,56,1963,57112
1251,Mary1251,32,MA,36,1983,62089
1252,Mary1252,41,AL,20,1999,36691
1253,Mary1253,14,RI,53,1966,26163
1254,Mary1254,7,DE,38,1981,99302
1255,Mary1255,83,OR,58,1961,20842
1256,Mary1256,11,WA,28,1991,1924
1257,Mary1257,66,DE,26,1993,14418
1258,Mary1258,14,MS,24,1995,8436
1259,Mary1259,46,NH,46,1973,52527
1260,Mary1260,4,CA,37,1982,6745
1261,Mary1261,40,NY,37,1982,92741
1262,Mary1262,43,KY,55,1964,4408
1263,Mary1263,67,IA,59,1960,83548
1264,Mary1264,25,LA,48,1971,49022
1265,Mary1265,79,OK,41,1978,26869
1266,Mary1266,85,NC,23,1996,48046
1267,Mary1267,67,AZ,57,1962,66433
1268,Mary1268,56,IL,26,1993,26859
1269,Mary1269,61,NJ,34,1985,56806
1270,Mary1270,79,MS,22,1997,40618
1271,Mary1271,38,ID,27,1992,7365
1272,Mary1272,79,OK,41,1978,46215
1273,Mary1273,70,MS,35,1984,81047
1274,Mary1274,33,VT,46,1973,32878
1275,Mary1275,60,ME,47,1972,84848
1276,Mary1276,88,VA,63,1956,5915
1277,Mary1277,36,CA,30,1989,12987
1278,Mary1278,93,AZ,64,1955,41561
1279,Mary1279,6,WA,25,1994,26672
1280,Mary1280,19,OH,42,1977,42654
1281,Mary1281,63,MN,26,1993,18396
1282,Mary1282,79,OK,56,1963,50305
1283,Mary1283,5,HI,43,1976,92987
1284,Mary1284,29,MA,34,1985,10850
1285,Mary1285,23,MA,64,1955,33963
1286,Mary1286,50,TX,22,1997,2790
1287,Mary1287,52,FL,32,1987,4092
1288,Mary1288,33,AK,47,1972,75033
1289,Mary1289,53,DE,40,1979,89674
1290,Mary1290,95,OK,66,1953,67965
1291,Mary1291,57,CT,24,1995,76251
1292,Mary1292,83,ME,35,1984,1702
1293,Mary1293,66,PA,59,1960,57652
1294,Mary1294,77,IL,61,1958,73052
1295,Mary1295,5,MI,56,1963,40800
1296,Mary1296,36,NY,50,1969,83922
1297,Mary1297,18,MN,53,1966,76506
1298,Mary1298,51,IN,23,1996,67269
1299,Mary1299,4,NC,58,1961,8085
1300,Mary1300,68,FL,26,1993,69022
1301,Mary1301,23,LA,36,1983,41650
1302,Mary1302,86,TN,25,1994,15309
1303,Mary1303,66,MD,35,1984,9303
1304,Mary1304,60,NM,61,1958,82741
1305,Mary1305,42,IN,25,1994,92713
1306,Mary1306,10,FL,43,1976,15151
1307,Mary1307,51,KS,24,1995,56561
1308,Mary1308,25,AZ,28,1991,90809
1309,Mary1309,87,GA,58,1961,56194
1310,Mary1310,16,IA,38,1981,95617
1311,Mary1311,16,NC,33,1986,56176
1312,Mary1312,60,CT,36,1983,13338
1313,Mary1313,86,VT,46,1973,71607
1314,Mary1314,42,MS,26,1993,42914
1315,Mary1315,40,VT,18,2001,12961
1316,Mary1316,15,CA,27,1992,20291
1317,Mary1317,37,NV,27,1992,99981
1318,Mary1318,60,CT,27,1992,34024
1319,Mary1319,56,NJ,61,1958,62226
1320,Mary1320,91,CO,46,1973,29486
1321,Mary1321,55,AZ,59,1960,87431
1322,Mary1322,100,NJ,62,1957,56378
1323,Mary1323,81,KS,49,1970,1028
1324,Mary1324,78,OK,46,1973,40830
1325,Mary1325,34,TX,46,1973,59827
1326,Mary1326,46,CA,33,1986,47999
1327,Mary1327,14,MI,64,1955,71629
1328,Mary1328,3,KS,24,1995,91642
1329,Mary1329,8,DE,44,1975,75769
1330,Mary1330,38,MA,48,1971,56225
1331,Mary1331,33,DE,28,1991,30002
1332,Mary1332,92,GA,31,1988,63357
1333,Mary1333,44,AZ,31,1988,61578
1334,Mary1334,33,IN,28,1991,21512
1335,Mary1335,16,TX,44,1975,27260
1336,Mary1336,4,ID,32,1987,38901
1337,Mary1337,8,GA,22,1997,34760
1338,Mary1338,24,ID,22,1997,15878
1339,Mary1339,60,NV,65,1954,54053
1340,Mary1340,54,NY,25,1994,47279
1341,Mary1341,19,NC,65,1954,77592
1342,Mary1342,10,OK,34,1985,60020
1343,Mary1343,95,MD,48,1971,59488
1344,Mary1344,100,AL,26,1993,33730
1345,Mary1345,3,WV,58,1961,20375
1346,Mary1346,98,NH,21,1998,7844
1347,Mary1347,2,AK,22,1997,54952
1348,Mary1348,5,RI,66,1953,91572
1349,Mary1349,62,WY,42,1977,42588
1350,Mary1350,31,GA,21,1998,99384
1351,Mary1351,98,OK,49,1970,32041
1352,Mary1352,31,OR,65,1954,3609
1353,Mary1353,27,IN,22,1997,28879
1354,Mary1354,29,UT,21,1998,71951
1355,Mary1355,75,MA,34,1985,50649
1356,Mary1356,89,NC,60,1959,21682
1357,Mary1357,82,WA,34,1985,90282
1358,Mary1358,5,IL,56,1963,41428
1359,Mary1359,15,UT,29,1990,3108
1360,Mary1360,25,CA,39,1980,74863
1361,Mary1361,98,ND,18,2001,74566
1362,Mary1362,2,NY,66,1953,97842
1363,Mary1363,31,WI,59,1960,155
1364,Mary1364,39,PA,38,1981,64956
1365,Mary1365,90,NC,47,1972,91185
1366,Mary1366,54,TN,41,1978,83010
1367,Mary1367,79,TX,64,1955,57514
1368,Mary1368,86,KY,60,1959,23659
1369,Mary1369,17,TX,56,1963,75184
1370,Mary1370,68,CT,44,1975,43717
1371,Mary1371,84,NH,60,1959,39961
1372,Mary1372,54,UT,65,1954,36331
1373,Mary1373,59,MT,21,1998,18492
1374,Mary1374,11,MT,43,1976,41868
1375,Mary1375,49,TN,65,1954,82686
1376,Mary1376,25,CO,65,1954,53383
1377,Mary1377,72,CO,31,1988,65370
1378,Mary1378,26,MS,30,1989,10363
1379,Mary1379,53,SC,28,1991,29202
1380,Mary1380,51,TX,66,1953,610
1381,Mary1381,19,FL,47,1972,23076
1382,Mary1382,97,AZ,30,1989,91561
1383,Mary1383,47,TN,49,1970,67877
1384,Mary1384,31,HI,49,1970,33416
1385,Mary1385,68,NY,49,1970,16323
1386,Mary1386,67,TN,49,1970,13220
1387,Mary1387,92,ID,61,1958,36189
1388,Mary1388,93,MS,38,1981,48518
1389,Mary1389,77,WV,65,1954,53558
1390,Mary1390,32,NE,46,1973,5798
1391,Mary1391,95,ID,35,1984,98345
1392,Mary1392,39,NE,27,1992,50516
1393,Mary1393,62,NY,50,1969,66274
1394,Mary1394,93,SD,51,1968,58036
1395,Mary1395,11,NY,45,1974,35723
1396,Mary1396,14,CO,20,1999,70773
1397,Mary1397,39,KS,44,1975,76920
1398,Mary1398,70,NY,29,1990,93353
1399,Mary1399,25,KS,37,1982,30886
1400,Mary1400,74,ID,55,1964,83606
1401,Mary1401,18,AL,29,1990,91314
1402,Mary1402,83,WY,24,1995,84771
1403,Mary1403,87,ME,61,1958,83934
1404,Mary1404,97,ME,60,1959,26133
1405,Mary1405,55,AZ,36,1983,35171
1406,Mary1406,3,ME,48,1971,24072
1407,Mary1407,3,NV,19,2000,20797
1408,Mary1408,18,AL,58,1961,86150
1409,Mary1409,2,MI,42,1977,446
1410,Mary1410,45,OR,26,1993,17305
1411,Mary1411,11,NJ,49,1970,24556
1412,Mary1412,31,MT,46,1973,26538
1413,Mary1413,5,CA,59,1960,55861
1414,Mary1414,15,MI,53,1966,29710
1415,Mary1415,3,AZ,50,1969,96556
1416,Mary1416,57,IL,53,1966,70930
1417,Mary1417,23,MO,19,2000,21848
1418,Mary1418,48,NM,45,1974,57488
1419,Mary1419,48,IL,21,1998,78100
1420,Mary1420,8,NH,22,1997,63710
1421,Mary1421,46,MT,61,1958,67420
1422,Mary1422,46,ND,47,1972,60626
1423,Mary1423,6,SC,29,1990,36065
1424,Mary1424,27,OR,34,1985,5436
1425,Mary1425,91,TX,60,1959,32338
1426,Mary1426,91,WI,52,1967,48923
1427,Mary1427,73,HI,40,1979,3554
1428,Mary1428,18,KS,25,1994,87210
1429,Mary1429,50,NH,40,1979,81727
1430,Mary1430,55,SC,35,1984,5996
1431,Mary1431,94,IA,64,1955,35691
1432,Mary1432,26,TN,18,2001,65312
1433,Mary1433,87,ID,28,1991,52386
1434,Mary1434,85,AL,47,1972,66042
1435,Mary1435,72,VT,50,1969,95120
1436,Mary1436,55,VA,65,1954,96062
1437,Mary1437,19,AK,41,1978,62257
1438,Mary1438,69,ME,37,1982,2092
1439,Mary1439,54,AL,60,1959,58549
1440,Mary1440,5,IA,61,1958,90570
1441,Mary1441,89,CA,31,1988,88388
1442,Mary1442,88,CO,62,1957,88568
1443,Mary1443,84,KS,39,1980,87003
1444,Mary1444,34,NM,66,1953,54785
1445,Mary1445,10,IA,35,1984,22955
1446,Mary1446,4,CO,51,1968,47870
1447,Mary1447,61,OH,43,1976,7422
1448,Mary1448,2,MD,60,1959,33934
1449,Mary1449,25,KY,36,1983,37985
1450,Mary1450,17,WV,54,1965,11560
1451,Mary1451,86,WY,30,1989,97753
1452,Mary1452,98,ID,21,1998,79552
1453,Mary1453,73,NV,30,1989,35190
1454,Mary1454,65,WY,61,1958,1725
1455,Mary1455,60,CA,31,1988,93184
1456,Mary1456,53,MO,23,1996,80512
1457,Mary1457,37,HI,37,1982,70709
1458,Mary1458,100,DE,55,1964,9801
1459,Mary1459,83,ID,21,1998,51905
1460,Mary1460,33,ND,27,1992,54059
1461,Mary1461,39,NV,32,1987,82056
1462,Mary1462,95,WI,63,1956,38306
1463,Mary1463,56,WA,46,1973,28756
1464,Mary1464,99,UT,43,1976,31779
1465,Mary1465,87,PA,51,1968,44927
1466,Mary1466,38,AL,47,1972,50441
1467,Mary1467,96,NM,30,1989,8534
1468,Mary1468,78,LA,50,1969,75464
1469,Mary1469,2,NJ,25,1994,65524
1470,Mary1470,31,NJ,36,1983,40267
1471,Mary1471,15,NY,66,1953,1964
1472,Mary1472,73,NY,57,1962,84411
1473,Mary1473,28,OH,59,1960,24588
1474,Mary1474,21,KS,52,1967,88261
1475,Mary1475,51,AZ,38,1981,89825
1476,Mary1476,50,FL,34,1985,12795
1477,Mary1477,82,PA,23,1996,2451
1478,Mary1478,37,OR,26,1993,32713
1479,Mary1479,97,OK,60,1959,2217
1480,Mary1480,45,MT,58,1961,2883
1481,Mary1481,92,CT,59,1960,30681
1482,Mary1482,85,WV,23,1996,97666
1483,Mary1483,86,MT,20,1999,67124
1484,Mary1484,88,MD,18,2001,90999
1485,Mary1485,72,AK,56,1963,54703
1486,Mary1486,59,WY,40,1979,60707
1487,Mary1487,65,TX,52,1967,92648
1488,Mary1488,82,ME,37,1982,56862
1489,Mary1489,31,TN,32,1987,64575
1490,Mary1490,31,LA,33,1986,60010
1491,Mary1491,98,PA,20,1999,934
1492,Mary1492,5,ID,48,1971,35872
1493,Mary1493,60,NY,64,1955,64437
1494,Mary1494,36,AK,30,1989,89566
1495,Mary1495,54,RI,59,1960,66066
1496,Mary1496,27,IA,40,1979,78644
1497,Mary1497,53,VA,55,1964,3960
1498,Mary1498,77,MT,19,2000,52277
1499,Mary1499,15,TN,61,1958,52239
1500,Mary1500,42,VA,58,1961,76370
1501,Mary1501,44,MA,18,2001,30301
1502,Mary1502,9,WY,21,1998,67971
1503,Mary1503,79,WV,45,1974,75041
1504,Mary1504,78,HI,35,1984,40180
1505,Mary1505,89,PA,49,1970,96331
1506,Mary1506,32,FL,18,2001,44602
1507,Mary1507,93,NC,35,1984,52768
1508,Mary1508,6,AK,20,1999,33367
1509,Mary1509,58,UT,65,1954,53993
1510,Mary1510,42,CO,53,1966,10343
1511,Mary1511,53,AZ,63,1956,81086
1512,Mary1512,30,ID,51,1968,37739
1513,Mary1513,41,WY,62,1957,3092
1514,Mary1514,72,NC,22,1997,63017
1515,Mary1515,3,IL,61,1958,60369
1516,Mary1516,98,IN,28,1991,13964
1517,Mary1517,66,MS,60,1959,67713
1518,Mary1518,74,MA,27,1992,43245
1519,Mary1519,86,FL,21,1998,14324
1520,Mary1520,84,KY,22,1997,24007
1521,Mary1521,22,KY,43,1976,45592
1522,Mary1522,11,WA,20,1999,40461
1523,Mary1523,94,HI,52,1967,66178
1524,Mary1524,45,TN,35,1984,94427
1525,Mary1525,85,NY,59,1960,69707
1526,Mary1526,70,PA,42,1977,21236
1527,Mary1527,59,NY,27,1992,94119
1528,Mary1528,98,WY,20,1999,71693
1529,Mary1529,80,IL,54,1965,28523
1530,Mary1530,65,AK,29,1990,4906
1531,Mary1531,17,OK,27,1992,94749
1532,Mary1532,71,NC,53,1966,33001
1533,Mary1533,56,KY,56,1963,64175
1534,Mary1534,23,NC,57,1962,56227
1535,Mary1535,5,DE,61,1958,9615
1536,Mary1536,76,CO,23,1996,85299
1537,Mary1537,88,WV,21,1998,7405
1538,Mary1538,100,NY,24,1995,85331
1539,Mary1539,9,MO,54,1965,99704
1540,Mary1540,64,IN,40,1979,86885
1541,Mary1541,93,WY,20,1999,36820
1542,Mary1542,66,FL,53,1966,72689
1543,Mary1543,20,TN,56,1963,68877
1544,Mary1544,63,MI,21,1998,33452
1545,Mary1545,33,MD,62,1957,34274
1546,Mary1546,90,VT,48,1971,77281
1547,Mary1547,30,WI,37,1982,31411
1548,Mary1548,97,TN,22,1997,64512
1549,Mary1549,68,MI,43,1976,11084
1550,Mary1550,12,SD,51,1968,43388
1551,Mary1551,58,IL,37,1982,29797
1552,Mary1552,42,NC,33,1986,24574
1553,Mary1553,92,GA,53,1966,10948
1554,Mary1554,6,MO,37,1982,82411
1555,Mary1555,15,MO,51,1968,41646
1556,Mary1556,40,RI,30,1989,97470
1557,Mary1557,27,NV,54,1965,71524
1558,Mary1558,87,IN,42,1977,99112
1559,Mary1559,53,FL,25,1994,83317
1560,Mary1560,8,UT,52,1967,22446
1561,Mary1561,5,KS,41,1978,84763
1562,Mary1562,70,NH,54,1965,18731
1563,Mary1563,18,NC,38,1981,43229
1564,Mary1564,93,RI,51,1968,80642
1565,Mary1565,41,MN,20,1999,5063
1566,Mary1566,7,WA,27,1992,67052
1567,Mary1567,2,KY,28,1991,79094
1568,Mary1568,52,OK,47,1972,51373
1569,Mary1569,18,DE,25,1994,46730
1570,Mary1570,28,ID,58,1961,33779
1571,Mary1571,42,AL,39,1980,30856
1572,Mary1572,37,AZ,29,1990,17298
1573,Mary1573,62,VT,18,2001,65582
1574,Mary1574,34,SC,48,1971,76102
1575,Mary1575,57,GA,46,1973,62776
1576,Mary1576,24,NJ,48,1971,30093
1577,Mary1577,84,MO,34,1985,21356
1578,Mary1578,34,WY,53,1966,48600
1579,Mary1579,86,MO,44,1975,46539
1580,Mary1580,6,WY,47,1972,79599
1581,Mary1581,17,AZ,40,1979,5373
1582,Mary1582,43,AZ,28,1991,82545
1583,Mary1583,6,DE,40,1979,82455
1584,Mary1584,83,NE,22,1997,45626
1585,Mary1585,87,CO,60,1959,58995
1586,Mary1586,14,GA,22,1997,39529
1587,Mary1587,39,TX,58,1961,82755
1588,Mary1588,75,CO,21,1998,8874
1589,Mary1589,49,RI,21,1998,95075
1590,Mary1590,60,OH,40,1979,55696
1591,Mary1591,5,NJ,24,1995,55772
1592,Mary1592,42,KS,58,1961,92184
1593,Mary1593,28,WI,55,1964,9837
1594,Mary1594,63,TX,31,1988,41407
1595,Mary1595,2,WV,20,1999,31841
1596,Mary1596,33,ME,18,2001,46018
1597,Mary1597,6,KS,41,1978,50819
1598,Mary1598,26,GA,57,1962,96017
1599,Mary1599,27,NE,28,1991,2606
1600,Mary1600,29,NM,24,1995,91123
1601,Mary1601,18,NM,36,1983,5730
1602,Mary1602,82,GA,32,1987,80357
1603,Mary1603,83,MS,47,1972,54504
1604,Mary1604,37,NC,45,1974,7735
1605,Mary1605,94,NC,20,1999,43390
1606,Mary1606,20,MT,41,1978,53790
1607,Mary1607,27,CA,47,1972,91203
1608,Mary1608,35,GA,57,1962,36728
1609,Mary1609,6,CA,20,1999,1089
1610,Mary1610,93,MD,57,1962,48771
1611,Mary1611,85,AZ,57,1962,62294
1612,Mary1612,59,OK,61,1958,95352
1613,Mary1613,89,CT,18,2001,34820
1614,Mary1614,94,NY,29,1990,4732
1615,Mary1615,95,IL,45,1974,93897
1616,Mary1616,40,SD,32,1987,2762
1617,Mary1617,49,MA,55,1964,65924
1618,Mary1618,17,NJ,50,1969,7629
1619,Mary1619,3,SC,54,1965,13515
1620,Mary1620,24,IL,21,1998,83934
1621,Mary1621,89,WV,58,1961,92518
1622,Mary1622,45,WI,54,1965,72678
1623,Mary1623,100,TN,36,1983,82358
1624,Mary1624,52,WA,19,2000,32056
1625,Mary1625,59,CO,21,1998,98602
1626,Mary1626,23,VT,30,1989,75585
1627,Mary1627,36,TX,47,1972,67603
1628,Mary1628,26,OK,34,1985,86740
1629,Mary1629,13,IL,59,1960,66440
1630,Mary1630,58,IN,22,1997,83260
1631,Mary1631,37,WY,29,1990,59758
1632,Mary1632,26,GA,38,1981,8376
1633,Mary1633,16,MT,27,1992,19871
1634,Mary1634,52,SD,65,1954,62662
1635,Mary1635,84,NJ,39,1980,56093
1636,Mary1636,67,SD,50,1969,21890
1637,Mary1637,25,ID,33,1986,19008
1638,Mary1638,23,PA,53,1966,70016
1639,Mary1639,57,SC,34,1985,41319
1640,Mary1640,75,IA,65,1954,10615
1641,Mary1641,87,FL,28,1991,3837
1642,Mary1642,60,MD,32,1987,60276
1643,Mary1643,19,OR,57,1962,12211
1644,Mary1644,15,AK,45,1974,42382
1645,Mary1645,75,MD,39,1980,83881
1646,Mary1646,64,SC,44,1975,1540
1647,Mary1647,20,LA,64,1955,2815
1648,Mary1648,71,VA,58,1961,5600
1649,Mary1649,40,IA,33,1986,84928
1650,Mary1650,63,WA,38,1981,93135
1651,Mary1651,48,TN,60,1959,26383
1652,Mary1652,89,MN,28,1991,55685
1653,Mary1653,21,OH,52,1967,27062
1654,Mary1654,24,LA,39,1980,91195
1655,Mary1655,76,MN,43,1976,43707
1656,Mary1656,28,OK,40,1979,61705
1657,Mary1657,29,SC,27,1992,61108
1658,Mary1658,90,OK,49,1970,24855
1659,Mary1659,60,PA,60,1959,72711
1660,Mary1660,27,AZ,56,1963,96686
1661,Mary1661,46,AK,49,1970,55946
1662,Mary1662,88,WV,56,1963,47175
1663,Mary1663,88,ND,53,1966,99816
1664,Mary1664,75,IA,58,1961,68571
1665,Mary1665,67,TN,34,1985,63307
1666,Mary1666,35,CA,40,1979,49829
1667,Mary1667,69,GA,30,1989,58809
1668,Mary1668,11,UT,63,1956,98300
1669,Mary1669,64,WA,38,1981,1356
1670,Mary1670,39,NC,26,1993,1158
1671,Mary1671,28,ND,19,2000,61770
1672,Mary1672,10,HI,54,1965,7103
1673,Mary1673,30,KY,64,1955,93037
1674,Mary1674,2,AZ,48,1971,63351
1675,Mary1675,59,OK,50,1969,24253
1676,Mary1676,50,NJ,52,1967,17090
1677,Mary1677,38,WA,25,1994,80718
1678,Mary1678,91,IN,41,1978,2851
1679,Mary1679,44,IN,46,1973,25289
1680,Mary1680,41,ID,45,1974,11564
1681,Mary1681,66,CO,42,1977,59693
1682,Mary1682,95,IN,37,1982,92974
1683,Mary1683,79,CO,51,1968,47242
1684,Mary1684,43,MD,35,1984,44090
1685,Mary1685,28,KS,44,1975,72030
1686,Mary1686,13,WV,42,1977,21680
1687,Mary1687,56,WV,61,1958,38619
1688,Mary1688,14,NE,52,1967,7036
1689,Mary1689,83,MD,45,1974,21032
1690,Mary1690,16,VT,23,1996,537
1691,Mary1691,84,CT,39,1980,60068
1692,Mary1692,2,IL,38,1981,20910
1693,Mary1693,64,ID,52,1967,40283
1694,Mary1694,21,OK,39,1980,84601
1695,Mary1695,79,UT,56,1963,76814
1696,Mary1696,65,VT,37,1982,32041
1697,Mary1697,88,CO,44,1975,55616
1698,Mary1698,77,ID,59,1960,84770
1699,Mary1699,41,LA,35,1984,96598
1700,Mary1700,84,VA,26,1993,51182
1701,Mary1701,9,NM,25,1994,77295
1702,Mary1702,8,AK,64,1955,43055
1703,Mary1703,65,SD,41,1978,68961
1704,Mary1704,59,MN,59,1960,74753
1705,Mary1705,63,DE,65,1954,86589
1706,Mary1706,86,RI,62,1957,696
1707,Mary1707,86,FL,25,1994,66295
1708,Mary1708,15,FL,44,1975,62554
1709,Mary1709,52,MO,57,1962,46024
1710,Mary1710,35,KS,43,1976,61341
1711,Mary1711,59,SC,57,1962,94215
1712,Mary1712,93,GA,38,1981,87664
1713,Mary1713,23,MD,53,1966,8615
1714,Mary1714,99,OR,57,1962,92760
1715,Mary1715,65,MS,21,1998,42062
1716,Mary1716,81,VT,23,1996,7831
1717,Mary1717,44,VT,41,1978,25647
1718,Mary1718,19,PA,48,1971,80984
1719,Mary1719,5,NJ,27,1992,52975
1720,Mary1720,86,ID,26,1993,77075
1721,Mary1721,25,OR,26,1993,92657
1722,Mary1722,13,AK,18,2001,79018
1723,Mary1723,43,CO,64,1955,21507
1724,Mary1724,4,NE,39,1980,94864
1725,Mary1725,44,ME,53,1966,62248
1726,Mary1726,32,NY,56,1963,67296
1727,Mary1727,9,ND,60,1959,19562
1728,Mary1728,8,NH,47,1972,78685
1729,Mary1729,23,IA,45,1974,39073
1730,Mary1730,50,HI,52,1967,41656
1731,Mary1731,41,NM,59,1960,85982
1732,Mary1732,49,OR,40,1979,70907
1733,Mary1733,97,CT,52,1967,94844
1734,Mary1734,96,WA,24,1995,35542
1735,Mary1735,51,ID,38,1981,76348
1736,Mary1736,43,GA,52,1967,48844
1737,Mary1737,7,WV,62,1957,65427
1738,Mary1738,91,MA,62,1957,98303
1739,Mary1739,3,TN,21,1998,80154
1740,Mary1740,62,OK,62,1957,69382
1741,Mary1741,90,IL,18,2001,76005
1742,Mary1742,44,NH,37,1982,44224
1743,Mary1743,60,WA,40,1979,65066
1744,Mary1744,60,LA,59,1960,35595
1745,Mary1745,89,ID,37,1982,1121
1746,Mary1746,75,GA,43,1976,1835
1747,Mary1747,82,AL,27,1992,61662
1748,Mary1748,2,ID,39,1980,28731
1749,Mary1749,9,MA,61,1958,47541
1750,Mary1750,48,FL,25,1994,81357
1751,Mary1751,77,WA,29,1990,31673
1752,Mary1752,41,UT,41,1978,67540
1753,Mary1753,16,ND,43,1976,70746
1754,Mary1754,85,MN,39,1980,42479
1755,Mary1755,3,MT,55,1964,76008
1756,Mary1756,30,CT,63,1956,41923
1757,Mary1757,62,AL,20,1999,2998
1758,Mary1758,63,UT,19,2000,1625
1759,Mary1759,4,WV,64,1955,90655
1760,Mary1760,93,IA,58,1961,76842
1761,Mary1761,73,RI,27,1992,49800
1762,Mary1762,96,NV,22,1997,22036
1763,Mary1763,76,NM,29,1990,18452
1764,Mary1764,53,NV,34,1985,22788
1765,Mary1765,72,MN,21,1998,66224
1766,Mary1766,24,MO,63,1956,41641
1767,Mary1767,62,CT,25,1994,92126
1768,Mary1768,52,MO,55,1964,12459
1769,Mary1769,87,ID,54,1965,58888
1770,Mary1770,63,UT,60,1959,78155
1771,Mary1771,57,MT,63,1956,48487
1772,Mary1772,89,TN,56,1963,80915
1773,Mary1773,37,SD,45,1974,14828
1774,Mary1774,45,TX,57,1962,57979
1775,Mary1775,97,TX,49,1970,9307
1776,Mary1776,31,IN,36,1983,60101
1777,Mary1777,50,AZ,59,1960,19672
1778,Mary1778,34,NE,28,1991,72383
1779,Mary1779,53,NH,30,1989,96442
1780,Mary1780,89,SC,50,1969,12083
1781,Mary1781,5,WA,54,1965,77245
1782,Mary1782,56,MN,41,1978,68133
1783,Mary1783,94,AL,53,1966,90362
1784,Mary1784,62,WI,49,1970,36189
1785,Mary1785,30,UT,40,1979,50176
1786,Mary1786,25,SD,51,1968,98335
1787,Mary1787,38,NC,21,1998,58112
1788,Mary1788,64,NV,57,1962,7729
1789,Mary1789,15,DE,21,1998,28163
1790,Mary1790,18,AZ,24,1995,39148
1791,Mary1791,35,WA,45,1974,18454
1792,Mary1792,71,AK,45,1974,76985
1793,Mary1793,13,RI,45,1974,52210
1794,Mary1794,81,CT,32,1987,8975
1795,Mary1795,56,ME,31,1988,22249
1796,Mary1796,99,IL,26,1993,14846
1797,Mary1797,96,CT,46,1973,47510
1798,Mary1798,31,LA,38,1981,50536
1799,Mary1799,60,WV,54,1965,75960
1800,Mary1800,21,DE,44,1975,58078
1801,Mary1801,17,MN,19,2000,92635
1802,Mary1802,82,HI,51,1968,6271
1803,Mary1803,66,DE,27,1992,75882
1804,Mary1804,98,ME,45,1974,46084
1805,Mary1805,75,NM,47,1972,79875
1806,Mary1806,5,NM,33,1986,67988
1807,Mary1807,17,WA,58,1961,33131
1808,Mary1808,3,IL,55,1964,7067
1809,Mary1809,92,TX,43,1976,7144
1810,Mary1810,89,NH,44,1975,90471
1811,Mary1811,91,ID,21,1998,53392
1812,Mary1812,100,LA,54,1965,35788
1813,Mary1813,26,NC,32,1987,94926
1814,Mary1814,71,UT,44,1975,94391
1815,Mary1815,28,CA,38,1981,28322
1816,Mary1816,30,PA,55,1964,16728
1817,Mary1817,69,VT,49,1970,99685
1818,Mary1818,16,IN,24,1995,12168
1819,Mary1819,79,IA,20,1999,88366
1820,Mary1820,85,NJ,46,1973,41188
1821,Mary1821,90,DE,26,1993,76827
1822,Mary1822,51,TN,42,1977,47454
1823,Mary1823,15,MI,47,1972,72229
1824,Mary1824,25,NJ,27,1992,70915
1825,Mary1825,99,NY,20,1999,76466
1826,Mary1826,52,NC,33,1986,33085
1827,Mary1827,95,MD,60,1959,88347
1828,Mary1828,4,RI,40,1979,37889
1829,Mary1829,10,AL,48,1971,49051
1830,Mary1830,23,DE,62,1957,1317
1831,Mary1831,56,NY,53,1966,88772
1832,Mary1832,73,AZ,40,1979,7933
1833,Mary1833,16,OR,18,2001,3441
1834,Mary1834,9,WY,60,1959,34348
1835,Mary1835,28,VT,28,1991,9460
1836,Mary1836,77,VA,62,1957,22275
1837,Mary1837,55,AZ,18,2001,85115
1838,Mary1838,47,TN,33,1986,95364
1839,Mary1839,86,DE,22,1997,91355
1840,Mary1840,44,ID,38,1981,35949
1841,Mary1841,12,AL,66,1953,66068
1842,Mary1842,47,TX,60,1959,84644
1843,Mary1843,12,UT,45,1974,19869
1844,Mary1844,65,MA,27,1992,23831
1845,Mary1845,5,CT,28,1991,33551
1846,Mary1846,66,CO,49,1970,56898
1847,Mary1847,36,AL,26,1993,90606
1848,Mary1848,21,IN,42,1977,64668
1849,Mary1849,13,MS,23,1996,74674
1850,Mary1850,73,IL,55,1964,11971
1851,Mary1851,42,ME,41,1978,54890
1852,Mary1852,47,VA,38,1981,97122
1853,Mary1853,32,WV,38,1981,34091
1854,Mary1854,74,NJ,32,1987,89674
1855,Mary1855,91,SC,25,1994,82344
1856,Mary1856,16,ND,34,1985,25174
1857,Mary1857,18,IN,30,1989,73702
1858,Mary1858,80,NY,57,1962,39741
1859,Mary1859,89,OR,29,1990,83130
1860,Mary1860,23,VT,34,1985,78790
1861,Mary1861,26,KS,55,1964,11749
1862,Mary1862,15,IN,64,1955,33849
1863,Mary1863,39,WV,23,1996,55911
1864,Mary1864,14,NY,18,2001,85907
1865,Mary1865,64,NE,66,1953,55432
1866,Mary1866,32,WI,51,1968,22908
1867,Mary1867,99,MA,18,2001,94560
1868,Mary1868,87,NC,61,1958,27803
1869,Mary1869,70,FL,66,1953,80803
1870,Mary1870,25,WY,26,1993,5552
1871,Mary1871,51,AK,20,1999,91524
1872,Mary1872,77,NM,51,1968,82229
1873,Mary1873,52,TX,33,1986,7712
1874,Mary1874,45,TN,56,1963,91477
1875,Mary1875,95,SC,60,1959,71804
1876,Mary1876,12,MI,50,1969,14323
1877,Mary1877,90,CO,64,1955,56975
1878,Mary1878,99,MA,27,1992,3151
1879,Mary1879,35,NH,55,1964,81137
1880,Mary1880,53,NE,43,1976,52381
1881,Mary1881,74,NC,35,1984,3114
1882,Mary1882,68,WI,42,1977,18920
1883,Mary1883,80,DE,52,1967,49807
1884,Mary1884,51,UT,51,1968,18146
1885,Mary1885,46,OK,59,1960,88886
1886,Mary1886,99,NE,37,1982,84464
1887,Mary1887,21,HI,66,1953,68596
1888,Mary1888,79,GA,24,1995,90957
1889,Mary1889,100,MD,43,1976,47962
1890,Mary1890,85,NE,34,1985,74131
1891,Mary1891,27,WA,47,1972,12309
1892,Mary1892,85,AL,47,1972,10546
1893,Mary1893,81,MI,37,1982,43737
1894,Mary1894,56,FL,20,1999,19820
1895,Mary1895,92,VA,55,1964,3397
1896,Mary1896,75,NJ,33,1986,10016
1897,Mary1897,10,VT,41,1978,72440
1898,Mary1898,22,OH,54,1965,64153
1899,Mary1899,33,CA,41,1978,88853
1900,Mary1900,99,MT,32,1987,2240
1901,Mary1901,86,CT,65,1954,12412
1902,Mary1902,42,SD,55,1964,21174
1903,Mary1903,89,MN,27,1992,18019
1904,Mary1904,45,LA,65,1954,74403
1905,Mary1905,82,WA,36,1983,11834
1906,Mary1906,61,WI,23,1996,89175
1907,Mary1907,88,OH,18,2001,54032
1908,Mary1908,34,VA,36,1983,36771
1909,Mary1909,35,MO,20,1999,19085
1910,Mary1910,14,MT,65,1954,93567
1911,Mary1911,95,OH,32,1987,74426
1912,Mary1912,20,NY,33,1986,63611
1913,Mary1913,68,MN,34,1985,92106
1914,Mary1914,65,OH,64,1955,85352
1915,Mary1915,96,NJ,45,1974,32604
1916,Mary1916,79,WI,24,1995,47406
1917,Mary1917,57,WA,60,1959,71581
1918,Mary1918,31,AZ,27,1992,58201
1919,Mary1919,48,MD,57,1962,51947
1920,Mary1920,67,MO,20,1999,75340
1921,Mary1921,71,WV,34,1985,47507
1922,Mary1922,78,PA,37,1982,94718
1923,Mary1923,80,WY,54,1965,57137
1924,Mary1924,2,AL,51,1968,31500
1925,Mary1925,72,NJ,38,1981,99560
1926,Mary1926,95,WA,33,1986,9141
1927,Mary1927,15,OK,54,1965,96487
1928,Mary1928,57,WV,38,1981,47412
1929,Mary1929,95,NC,62,1957,95181
1930,Mary1930,14,ND,26,1993,28787
1931,Mary1931,67,VA,63,1956,13683
1932,Mary1932,45,VA,47,1972,64606
1933,Mary1933,99,MO,38,1981,46105
1934,Mary1934,32,IN,61,1958,86771
1935,Mary1935,54,WY,26,1993,68085
1936,Mary1936,84,MD,52,1967,35702
1937,Mary1937,95,GA,52,1967,80637
1938,Mary1938,5,RI,24,1995,30987
1939,Mary1939,72,CA,26,1993,20200
1940,Mary1940,78,OH,19,2000,40540
1941,Mary1941,22,NY,59,1960,40568
1942,Mary1942,68,SC,30,1989,34966
1943,Mary1943,52,TX,43,1976,58865
1944,Mary1944,82,SC,66,1953,28679
1945,Mary1945,91,IA,20,1999,78321
1946,Mary1946,27,KS,64,1955,86870
1947,Mary1947,34,AL,59,1960,60197
1948,Mary1948,37,NJ,50,1969,1623
1949,Mary1949,24,TN,33,1986,33356
1950,Mary1950,22,AZ,44,1975,37690
1951,Mary1951,90,OH,20,1999,31373
1952,Mary1952,71,IN,33,1986,22743
1953,Mary1953,66,VT,26,1993,3944
1954,Mary1954,10,AK,64,1955,59813
1955,Mary1955,7,AZ,21,1998,54661
1956,Mary1956,97,VA,23,1996,12045
1957,Mary1957,93,PA,36,1983,90107
1958,Mary1958,100,VT,63,1956,53008
1959,Mary1959,90,CA,29,1990,18572
1960,Mary1960,32,OH,26,1993,95817
1961,Mary1961,30,MT,63,1956,82278
1962,Mary1962,31,WA,18,2001,40431
1963,Mary1963,43,MD,20,1999,70477
1964,Mary1964,87,WY,65,1954,69194
1965,Mary1965,5,WA,41,1978,81706
1966,Mary1966,11,NE,19,2000,75374
1967,Mary1967,50,WA,33,1986,59461
1968,Mary1968,4,NE,40,1979,51052
1969,Mary1969,93,WI,44,1975,24266
1970,Mary1970,66,MO,38,1981,51800
1971,Mary1971,61,NM,31,1988,38331
1972,Mary1972,91,ME,57,1962,94175
1973,Mary1973,99,SD,29,1990,84128
1974,Mary1974,55,IA,32,1987,6823
1975,Mary1975,82,LA,34,1985,41427
1976,Mary1976,24,WY,22,1997,54788
1977,Mary1977,86,NJ,48,1971,30557
1978,Mary1978,94,AK,62,1957,14314
1979,Mary1979,44,MI,29,1990,99556
1980,Mary1980,64,CT,26,1993,68510
1981,Mary1981,89,WV,47,1972,51912
1982,Mary1982,89,RI,65,1954,1581
1983,Mary1983,95,MD,46,1973,62259
1984,Mary1984,73,MD,34,1985,39451
1985,Mary1985,40,ME,26,1993,59182
1986,Mary1986,70,LA,27,1992,11003
1987,Mary1987,81,NY,52,1967,77016
1988,Mary1988,22,IL,40,1979,38531
1989,Mary1989,13,SD,24,1995,60252
1990,Mary1990,56,NH,38,1981,36186
1991,Mary1991,62,AZ,42,1977,23360
1992,Mary1992,88,AL,22,1997,77664
1993,Mary1993,22,MO,63,1956,96528
1994,Mary1994,75,CO,43,1976,39430
1995,Mary1995,97,OH,60,1959,24729
1996,Mary1996,37,CO,20,1999,84413
1997,Mary1997,30,IA,50,1969,58411
1998,Mary1998,12,AK,43,1976,77986
1999,Mary1999,14,NV,47,1972,15958
2000,Mary2000,98,KY,39,1980,92540
