{
  "rules": {
    "class-name": true,
    "curly": false,
    "eofline": true,
    "forin": true,
    "indent": [true, "spaces"],
    "label-position": true,
    "max-line-length": [true, 140],
    "no-arg": true,
    "no-bitwise": true,
    "no-console": [true,
      "debug",
      "info",
      "time",
      "timeEnd",
      "trace"
    ],
    "no-construct": true,
    "no-debugger": true,
    "no-duplicate-variable": true,
    "no-eval": true,
    "no-inferrable-types": true,
    "no-shadowed-variable": true,
    "no-string-literal": true,
    "no-switch-case-fall-through": true,
    "no-trailing-whitespace": true,
    "no-unused-expression": true,
    "no-unused-variable": true,
    "no-use-before-declare": true,
    "one-line": [true,
      "check-open-brace",
      "check-catch",
      "check-else",
      "check-whitespace"
    ],
    "quotemark": [true, "single"],
    "radix": true,
    "semicolon": true,
    "trailing-comma": false,
    "triple-equals": [true, "allow-null-check"],
    "typedef-whitespace": [true, {
      "call-signature": "nospace",
      "index-signature": "nospace",
      "parameter": "nospace",
      "property-declaration": "nospace",
      "variable-declaration": "nospace"
    }],
    "variable-name": false,
    "whitespace": [true,
      "check-decl",
      "check-operator",
      "check-separator",
      "check-type"
    ]
  }
}
